<?xml version="1.0" encoding="UTF-8" standalone="no" ?>
<COLLADA xmlns="http://www.collada.org/2005/11/COLLADASchema" version="1.4.1">
  <asset>
    <contributor>
      <author>Assimp</author>
      <authoring_tool>THREE.GLTFExporter r178</authoring_tool>
    </contributor>
    <created>2026-06-02T11:35:42</created>
    <modified>2026-06-02T11:35:42</modified>
    <unit name="meter" meter="1" />
    <up_axis>Y_UP</up_axis>
  </asset>
  <library_images>
  </library_images>
  <library_effects>
    <effect id="material_0-fx" name="">
      <profile_COMMON>
        <technique sid="standard">
          <phong>
            <emission>
              <color sid="emission">0   0   0   1</color>
            </emission>
            <diffuse>
              <color sid="diffuse">0.603827357   0.603827357   0.603827357   1</color>
            </diffuse>
            <shininess>
              <float sid="shininess">0</float>
            </shininess>
            <transparency>
              <float sid="transparency">1</float>
            </transparency>
          </phong>
        </technique>
      </profile_COMMON>
    </effect>
    <effect id="material_1-fx" name="">
      <profile_COMMON>
        <technique sid="standard">
          <phong>
            <emission>
              <color sid="emission">0   0   0   1</color>
            </emission>
            <diffuse>
              <color sid="diffuse">1   1   1   1</color>
            </diffuse>
            <shininess>
              <float sid="shininess">0</float>
            </shininess>
            <transparency>
              <float sid="transparency">1</float>
            </transparency>
          </phong>
        </technique>
      </profile_COMMON>
    </effect>
  </library_effects>
  <library_materials>
    <material id="material_0" name="">
      <instance_effect url="#material_0-fx"/>
    </material>
    <material id="material_1" name="">
      <instance_effect url="#material_1-fx"/>
    </material>
  </library_materials>
  <library_geometries>
    <geometry id="meshesQ0S" name="meshes[0]" >
      <mesh>
        <source id="meshesQ0S-positions" name="meshesQ0S-positions">
          <float_array id="meshesQ0S-positions-array" count="9108"> 0.0136717791 0.0114000002 0.124783278 0.0131222839 0.0111999996 0.125332773 0.0136717791 0.0114000002 0.123959035 0.0131222839 0.0111999996 0.123959035 0.0136717791 -0.0114000002 0.123959035 0.0131222839 -0.0111999996 0.123959035 0.0136717791 -0.0114000002 0.124783278 0.0131222839 -0.0111999996 0.125332773 -0.015328222 -0.0114000002 0.124783278 -0.0147787249 -0.0111999996 0.125332773 -0.015328222 -0.0114000002 0.123959035 -0.0147787249 -0.0111999996 0.123959035 -0.0147787249 -0.00899999961 0.121759035 -0.015328222 -0.00899999961 0.121559039 -0.0147787249 -0.00942919869 0.121801309 -0.015328222 -0.00946821645 0.12160515 -0.0147787249 -0.00942919869 0.121801309 -0.015328222 -0.00946821645 0.12160515 -0.0147787249 -0.00984190311 0.121926501 -0.015328222 -0.00991844013 0.121741727 -0.0147787249 -0.00984190311 0.121926501 -0.015328222 -0.00991844013 0.121741727 -0.0147787249 -0.0102222543 0.122129805 -0.015328222 -0.0103333686 0.121963508 -0.0147787249 -0.0102222543 0.122129805 -0.015328222 -0.0103333686 0.121963508 -0.0147787249 -0.0105556352 0.122403406 -0.015328222 -0.0106970565 0.122261979 -0.0147787249 -0.0105556352 0.122403406 -0.015328222 -0.0106970565 0.122261979 -0.0147787249 -0.0108292336 0.122736782 -0.015328222 -0.0109955268 0.122625671 -0.0147787249 -0.0108292336 0.122736782 -0.015328222 -0.0109955268 0.122625671 -0.0147787249 -0.0110325348 0.123117134 -0.015328222 -0.011217311 0.123040594 -0.0147787249 -0.0110325348 0.123117134 -0.015328222 -0.011217311 0.123040594 -0.0147787249 -0.0111577278 0.123529837 -0.015328222 -0.0113538848 0.123490818 -0.0147787249 -0.0111577278 0.123529837 -0.015328222 -0.0113538848 0.123490818 -0.0147787249 -0.0111999996 0.123959035 -0.015328222 -0.0114000002 0.123959035 -0.0147787249 0.0111999996 0.123959035 -0.015328222 0.0114000002 0.123959035 -0.0147787249 0.0111577278 0.123529837 -0.015328222 0.0113538848 0.123490818 -0.0147787249 0.0111577278 0.123529837 -0.015328222 0.0113538848 0.123490818 -0.0147787249 0.0110325348 0.123117134 -0.015328222 0.011217311 0.123040594 -0.0147787249 0.0110325348 0.123117134 -0.015328222 0.011217311 0.123040594 -0.0147787249 0.0108292336 0.122736782 -0.015328222 0.0109955268 0.122625671 -0.0147787249 0.0108292336 0.122736782 -0.015328222 0.0109955268 0.122625671 -0.0147787249 0.0105556352 0.122403406 -0.015328222 0.0106970565 0.122261979 -0.0147787249 0.0105556352 0.122403406 -0.015328222 0.0106970565 0.122261979 -0.0147787249 0.0102222543 0.122129805 -0.015328222 0.0103333686 0.121963508 -0.0147787249 0.0102222543 0.122129805 -0.015328222 0.0103333686 0.121963508 -0.0147787249 0.00984190311 0.121926501 -0.015328222 0.00991844013 0.121741727 -0.0147787249 0.00984190311 0.121926501 -0.015328222 0.00991844013 0.121741727 -0.0147787249 0.00942919869 0.121801309 -0.015328222 0.00946821645 0.12160515 -0.0147787249 0.00942919869 0.121801309 -0.015328222 0.00946821645 0.12160515 -0.0147787249 0.00899999961 0.121759035 -0.015328222 0.00899999961 0.121559039 -0.015328222 0.0114000002 0.123959035 -0.0147787249 0.0111999996 0.123959035 -0.015328222 0.0114000002 0.124783278 -0.0147787249 0.0111999996 0.125332773 0.0142980404 -0.0111999996 0.12545903 0.0156717785 -0.0116999997 0.12545903 0.0155575983 -0.0116999997 0.124885015 0.0142884292 -0.0111999996 0.125410721 0.0155575983 -0.0116999997 0.124885015 0.0152324392 -0.0116999997 0.124398381 0.0142884292 -0.0111999996 0.125410721 0.0142610595 -0.0111999996 0.125369757 0.0152324392 -0.0116999997 0.124398381 0.0147458045 -0.0116999997 0.124073215 0.0142610595 -0.0111999996 0.125369757 0.0142200971 -0.0111999996 0.125342384 0.0147458045 -0.0116999997 0.124073215 0.0141717792 -0.0116999997 0.123959035 0.0142200971 -0.0111999996 0.125342384 0.0141717792 -0.0111999996 0.125332773 0.0156717785 -0.0116999997 0.12545903 0.0142980404 -0.0111999996 0.12545903 0.0156717785 -0.0116999997 0.15595904 0.0142980404 -0.0111999996 0.15595904 -0.0163282193 -0.0130000003 0.12545903 -0.0168837905 -0.01283147 0.12545903 -0.0168034397 -0.01283147 0.12505509 -0.0168837905 -0.01283147 0.12545903 -0.0172521006 -0.0123826833 0.12545903 -0.0171437133 -0.0123826833 0.12491414 -0.0158282202 -0.0120000001 0.123959035 -0.0163731147 -0.0123826833 0.124143541 -0.0164022446 -0.0120000001 0.124073215 -0.0163731147 -0.0123826833 0.124143541 -0.0168350544 -0.0123826833 0.124452204 -0.0164022446 -0.0120000001 0.124073215 -0.0168888811 -0.0120000001 0.124398381 -0.0168350544 -0.0123826833 0.124452204 -0.0171437133 -0.0123826833 0.12491414 -0.0168888811 -0.0120000001 0.124398381 -0.0172140393 -0.0120000001 0.124885015 -0.0171437133 -0.0123826833 0.12491414 -0.0172521006 -0.0123826833 0.12545903 -0.0172140393 -0.0120000001 0.124885015 -0.0173282195 -0.0120000001 0.12545903 -0.0168034397 -0.01283147 0.12505509 -0.0171437133 -0.0123826833 0.12491414 -0.0168350544 -0.0123826833 0.124452204 -0.0168034397 -0.01283147 0.12505509 -0.0165746212 -0.01283147 0.124712639 -0.0168350544 -0.0123826833 0.124452204 -0.0163731147 -0.0123826833 0.124143541 -0.0165746212 -0.01283147 0.124712639 -0.0162321702 -0.01283147 0.124483816 -0.0158282202 -0.0123826833 0.124035157 -0.0158282202 -0.0123826833 0.124035157 -0.0158282202 -0.0125555703 0.124127567 -0.0163731147 -0.0123826833 0.124143541 -0.0163731147 -0.0123826833 0.124143541 -0.0158282202 -0.0125555703 0.124127567 -0.0162321702 -0.01283147 0.124483816 -0.0158282202 -0.0125555703 0.124127567 -0.0158282202 -0.01283147 0.124403469 -0.0162321702 -0.01283147 0.124483816 -0.0162321702 -0.01283147 0.124483816 -0.0158282202 -0.01283147 0.124403469 -0.0158282202 -0.0129238795 0.124576353 -0.0162901599 -0.0130000003 0.125267699 -0.0168034397 -0.01283147 0.12505509 -0.0165746212 -0.01283147 0.124712639 -0.0162901599 -0.0130000003 0.125267699 -0.0161817744 -0.0130000003 0.125105485 -0.0165746212 -0.01283147 0.124712639 -0.0162321702 -0.01283147 0.124483816 -0.0161817744 -0.0130000003 0.125105485 -0.0160195623 -0.0130000003 0.124997094 -0.0162321702 -0.01283147 0.124483816 -0.0158282202 -0.0129238795 0.124576353 -0.0160195623 -0.0130000003 0.124997094 -0.0160195623 -0.0130000003 0.124997094 -0.0158282202 -0.0129238795 0.124576353 -0.0158282202 -0.0130000003 0.124959037 -0.015328222 -0.0120000001 0.123959035 -0.015328222 -0.0120000001 0.12075904 -0.0153090069 -0.0121950908 0.12397825 -0.015328222 -0.0120000001 0.12075904 -0.0152521012 -0.0123826833 0.12075904 -0.0153090069 -0.0121950908 0.12397825 -0.0153090069 -0.0121950908 0.12397825 -0.0152521012 -0.0123826833 0.12075904 -0.0152521012 -0.0123826833 0.124035157 -0.0152521012 -0.0123826833 0.124035157 -0.0152521012 -0.0123826833 0.12075904 -0.0151596898 -0.0125555703 0.124127567 -0.0152521012 -0.0123826833 0.12075904 -0.0148837911 -0.01283147 0.12075904 -0.0151596898 -0.0125555703 0.124127567 -0.0151596898 -0.0125555703 0.124127567 -0.0148837911 -0.01283147 0.12075904 -0.0150353285 -0.0127071068 0.124251932 -0.0143282218 -0.0130000003 0.124959037 -0.0145233115 -0.0129807852 0.124763943 -0.0143282218 -0.0130000003 0.12075904 -0.0145233115 -0.0129807852 0.124763943 -0.0147109041 -0.0129238795 0.124576353 -0.0143282218 -0.0130000003 0.12075904 -0.0143282218 -0.0130000003 0.12075904 -0.0147109041 -0.0129238795 0.124576353 -0.0148837911 -0.01283147 0.12075904 -0.0147109041 -0.0129238795 0.124576353 -0.0148837911 -0.01283147 0.124403469 -0.0148837911 -0.01283147 0.12075904 -0.0148837911 -0.01283147 0.12075904 -0.0148837911 -0.01283147 0.124403469 -0.0150353285 -0.0127071068 0.124251932 -0.00407822151 -0.00325000007 0.165759042 -0.0143282218 -0.00999999978 0.165759042 0.00242177886 -0.00325000007 0.165759042 0.0126717789 -0.00999999978 0.165759042 0.00242177886 0.00325000007 0.165759042 0.0126717789 0.00999999978 0.165759042 -0.00407822151 0.00325000007 0.165759042 -0.0143282218 0.00999999978 0.165759042 -0.015328222 0.011217311 0.123040594 -0.015328222 0.0113538848 0.123490818 -0.015328222 0.0116999997 0.123959035 -0.015328222 0.0114000002 0.123959035 -0.015328222 0.0114000002 0.124783278 -0.015328222 0.0103333686 0.121963508 -0.015328222 0.0106970565 0.122261979 -0.015328222 0.0120000001 0.12075904 -0.015328222 0.00991844013 0.121741727 -0.015328222 -0.0109955268 0.122625671 -0.015328222 -0.0106970565 0.122261979 -0.015328222 -0.0120000001 0.12075904 -0.015328222 -0.0103333686 0.121963508 -0.015328222 -0.00991844013 0.121741727 -0.015328222 -0.00946821645 0.12160515 -0.015328222 -0.0114000002 0.124783278 -0.015328222 -0.0114000002 0.123959035 -0.015328222 -0.0116999997 0.123959035 -0.015328222 -0.0113538848 0.123490818 -0.015328222 -0.0120000001 0.123959035 -0.015328222 -0.011217311 0.123040594 -0.015328222 0.0120000001 0.123959035 -0.015328222 0.0109955268 0.122625671 -0.015328222 -0.00899999961 0.121559039 -0.015328222 0.00899999961 0.121559039 -0.015328222 0.00946821645 0.12160515 0.0131222839 -0.0111999996 0.123959035 0.0136717791 -0.0114000002 0.123959035 0.0131222839 -0.0111577278 0.123529837 0.0136717791 -0.0113538848 0.123490818 0.0131222839 -0.0111577278 0.123529837 0.0136717791 -0.0113538848 0.123490818 0.0131222839 -0.0110325348 0.123117134 0.0136717791 -0.011217311 0.123040594 0.0131222839 -0.0110325348 0.123117134 0.0136717791 -0.011217311 0.123040594 0.0131222839 -0.0108292336 0.122736782 0.0136717791 -0.0109955268 0.122625671 0.0131222839 -0.0108292336 0.122736782 0.0136717791 -0.0109955268 0.122625671 0.0131222839 -0.0105556352 0.122403406 0.0136717791 -0.0106970565 0.122261979 0.0131222839 -0.0105556352 0.122403406 0.0136717791 -0.0106970565 0.122261979 0.0131222839 -0.0102222543 0.122129805 0.0136717791 -0.0103333686 0.121963508 0.0131222839 -0.0102222543 0.122129805 0.0136717791 -0.0103333686 0.121963508 0.0131222839 -0.00984190311 0.121926501 0.0136717791 -0.00991844013 0.121741727 0.0131222839 -0.00984190311 0.121926501 0.0136717791 -0.00991844013 0.121741727 0.0131222839 -0.00942919869 0.121801309 0.0136717791 -0.00946821645 0.12160515 0.0131222839 -0.00942919869 0.121801309 0.0136717791 -0.00946821645 0.12160515 0.0131222839 -0.00899999961 0.121759035 0.0136717791 -0.00899999961 0.121559039 0.0126717789 0.00999999978 0.165759042 0.0126717789 -0.00999999978 0.165759042 0.0132453619 0.0103823887 0.165703699 0.0132453619 -0.0103823887 0.165703699 0.0132453619 0.0103823887 0.165703699 0.0132453619 -0.0103823887 0.165703699 0.0132569876 0.0103901392 0.165701404 0.0132569876 -0.0103901392 0.165701404 0.0132569876 0.0103901392 0.165701404 0.0132569876 -0.0103901392 0.165701404 0.0136814062 0.0106730852 0.165584043 0.0136814062 -0.0106730852 0.165584043 0.0136814062 0.0106730852 0.165584043 0.0136814062 -0.0106730852 0.165584043 0.0138190612 0.010764855 0.165530995 0.0138190612 -0.010764855 0.165530995 0.0138190612 0.010764855 0.165530995 0.0138190612 -0.010764855 0.165530995 0.0140789999 0.0109381471 0.165408507 0.0140789999 -0.0109381471 0.165408507 0.0140789999 0.0109381471 0.165408507 0.0140789999 -0.0109381471 0.165408507 0.0143377902 0.0111106746 0.165253907 0.0143377902 -0.0111106746 0.165253907 0.0143377902 0.0111106746 0.165253907 0.0143377902 -0.0111106746 0.165253907 0.0144272735 0.0111703295 0.165191785 0.0144272735 -0.0111703295 0.165191785 0.0144272735 0.0111703295 0.165191785 0.0144272735 -0.0111703295 0.165191785 0.0147223556 0.0113670509 0.164948821 0.0144272735 -0.0111703295 0.165191785 0.0147925634 0.0114138564 0.164880887 0.0147223556 0.0113670509 0.164948821 0.0144272735 -0.0111703295 0.165191785 0.0147223556 -0.0113670509 0.164948821 0.0147925634 0.0114138564 0.164880887 0.0147223556 -0.0113670509 0.164948821 0.0147925634 -0.0114138564 0.164880887 0.0147925634 0.0114138564 0.164880887 0.0147925634 0.0114138564 0.164880887 0.0147925634 -0.0114138564 0.164880887 0.0149658434 0.0115293767 0.164692238 0.0149658434 -0.0115293767 0.164692238 0.0149658434 0.0115293767 0.164692238 0.0149658434 -0.0115293767 0.164692238 0.0151646379 0.0116619058 0.16442807 0.0151646379 -0.0116619058 0.16442807 0.0151646379 0.0116619058 0.16442807 0.0151646379 -0.0116619058 0.16442807 0.0153086437 0.0117579093 0.164189756 0.0153086437 -0.0117579093 0.164189756 0.0153086437 0.0117579093 0.164189756 0.0153086437 -0.0117579093 0.164189756 0.015442742 0.0118473088 0.16390872 0.015613989 -0.0119614732 0.163345039 0.015520894 0.0118994098 0.16369848 0.015520894 -0.0118994098 0.16369848 0.015520894 0.0118994098 0.16369848 0.015442742 0.0118473088 0.16390872 0.015520894 -0.0118994098 0.16369848 0.015442742 -0.0118473088 0.16390872 0.015442742 -0.0118473088 0.16390872 0.0156717785 -0.0120000001 0.162759036 0.0156717785 0.0120000001 0.162759036 0.0156355835 -0.0119758695 0.163223654 0.0156355835 0.0119758695 0.163223654 0.0156355835 -0.0119758695 0.163223654 0.0156355835 0.0119758695 0.163223654 0.015613989 -0.0119614732 0.163345039 0.015613989 0.0119614732 0.163345039 0.015613989 0.0119614732 0.163345039 0.0136717791 0.00899999961 0.121559039 0.0131222839 0.00899999961 0.121759035 0.0136717791 -0.00899999961 0.121559039 0.0131222839 -0.00899999961 0.121759035 -0.0143282218 -0.00999999978 0.165759042 -0.0143282218 0.00999999978 0.165759042 -0.0147821968 -0.0103026498 0.165724486 -0.0143282218 0.00999999978 0.165759042 -0.0149018047 0.0103823887 0.165703699 -0.0147821968 -0.0103026498 0.165724486 -0.0147821968 -0.0103026498 0.165724486 -0.0149018047 0.0103823887 0.165703699 -0.0149130551 -0.0103898896 0.165701479 -0.0154755032 0.010764855 0.165530995 -0.0154756112 -0.0107649267 0.16553095 -0.0152117303 -0.0105890064 0.165625989 -0.0149130551 -0.0103898896 0.165701479 -0.0149018047 0.0103823887 0.165703699 -0.0152117303 -0.0105890064 0.165625989 -0.0149018047 0.0103823887 0.165703699 -0.0153378481 0.0106730852 0.165584043 -0.0152117303 -0.0105890064 0.165625989 -0.0152117303 -0.0105890064 0.165625989 -0.0153378481 0.0106730852 0.165584043 -0.0154755032 0.010764855 0.165530995 -0.0159942321 0.0111106746 0.165253907 -0.015947599 -0.0110795852 0.165284425 -0.0156027721 -0.0108497012 0.165474832 -0.0154756112 -0.0107649267 0.16553095 -0.0154755032 0.010764855 0.165530995 -0.0156027721 -0.0108497012 0.165474832 -0.0154755032 0.010764855 0.165530995 -0.0157354418 0.0109381471 0.165408507 -0.0156027721 -0.0108497012 0.165474832 -0.0156027721 -0.0108497012 0.165474832 -0.0157354418 0.0109381471 0.165408507 -0.0159942321 0.0111106746 0.165253907 -0.0163787957 0.0113670509 0.164948821 -0.0164939463 -0.011443818 0.164835006 -0.0160837155 0.0111703295 0.165191785 -0.0164939463 -0.011443818 0.164835006 -0.016244065 -0.0112772305 0.165067613 -0.0160837155 0.0111703295 0.165191785 -0.0160837155 0.0111703295 0.165191785 -0.016244065 -0.0112772305 0.165067613 -0.0159942321 0.0111106746 0.165253907 -0.016244065 -0.0112772305 0.165067613 -0.0159945413 -0.0111108804 0.165253699 -0.0159942321 0.0111106746 0.165253907 -0.0159942321 0.0111106746 0.165253907 -0.0159945413 -0.0111108804 0.165253699 -0.015947599 -0.0110795852 0.165284425 -0.0163787957 0.0113670509 0.164948821 -0.0164490044 0.0114138564 0.164880887 -0.0164939463 -0.011443818 0.164835006 -0.0164490044 0.0114138564 0.164880887 -0.0166222844 0.0115293767 0.164692238 -0.0164939463 -0.011443818 0.164835006 -0.0164939463 -0.011443818 0.164835006 -0.0166222844 0.0115293767 0.164692238 -0.0168216117 -0.0116622616 0.164427266 -0.0172704309 0.0119614732 0.163345039 -0.017127635 -0.0118662762 0.163837597 -0.0171773359 0.0118994098 0.16369848 -0.017127635 -0.0118662762 0.163837597 -0.0170994774 -0.0118475053 0.163908005 -0.0171773359 0.0118994098 0.16369848 -0.0171773359 0.0118994098 0.16369848 -0.0170994774 -0.0118475053 0.163908005 -0.0170991831 0.0118473088 0.16390872 -0.0170994774 -0.0118475053 0.163908005 -0.0168819092 -0.0117024593 0.164333418 -0.0170991831 0.0118473088 0.16390872 -0.0170991831 0.0118473088 0.16390872 -0.0168819092 -0.0117024593 0.164333418 -0.0169650838 0.0117579093 0.164189756 -0.0168819092 -0.0117024593 0.164333418 -0.0168216117 -0.0116622616 0.164427266 -0.0169650838 0.0117579093 0.164189756 -0.0169650838 0.0117579093 0.164189756 -0.0168216117 -0.0116622616 0.164427266 -0.016821079 0.0116619058 0.16442807 -0.0168216117 -0.0116622616 0.164427266 -0.0166222844 0.0115293767 0.164692238 -0.016821079 0.0116619058 0.16442807 -0.0173282195 0.0120000001 0.162759036 -0.0173282195 -0.0120000001 0.162759036 -0.0172920246 0.0119758695 0.163223654 -0.0173282195 -0.0120000001 0.162759036 -0.0173252821 -0.0119980406 0.16289179 -0.0172920246 0.0119758695 0.163223654 -0.0172920246 0.0119758695 0.163223654 -0.0173252821 -0.0119980406 0.16289179 -0.0172704309 0.0119614732 0.163345039 -0.0173252821 -0.0119980406 0.16289179 -0.0172677431 -0.0119596822 0.163358375 -0.0172704309 0.0119614732 0.163345039 -0.0172704309 0.0119614732 0.163345039 -0.0172677431 -0.0119596822 0.163358375 -0.017127635 -0.0118662762 0.163837597 -0.015328222 -0.00899999961 0.121559039 -0.0147787249 -0.00899999961 0.121759035 -0.015328222 0.00899999961 0.121559039 -0.0147787249 0.00899999961 0.121759035 0.0146717792 -0.0130000003 0.12545903 0.0146717792 -0.0130000003 0.162759036 -0.0163282193 -0.0130000003 0.162759036 -0.0143282218 -0.0130000003 0.12075904 0.0126717789 -0.0130000003 0.12075904 -0.0143282218 -0.0130000003 0.124959037 0.0126717789 -0.0130000003 0.124959037 0.0141717792 -0.0130000003 0.124959037 -0.0163282193 -0.0130000003 0.12545903 -0.0158282202 -0.0130000003 0.124959037 0.0143631203 -0.0130000003 0.124997094 0.0145253325 -0.0130000003 0.125105485 0.0146337189 -0.0130000003 0.125267699 -0.0162901599 -0.0130000003 0.125267699 -0.0161817744 -0.0130000003 0.125105485 -0.0160195623 -0.0130000003 0.124997094 0.0131222839 0.00899999961 0.121759035 0.0136717791 0.00899999961 0.121559039 0.0131222839 0.00942919869 0.121801309 0.0136717791 0.00946821645 0.12160515 0.0131222839 0.00942919869 0.121801309 0.0136717791 0.00946821645 0.12160515 0.0131222839 0.00984190311 0.121926501 0.0136717791 0.00991844013 0.121741727 0.0131222839 0.00984190311 0.121926501 0.0136717791 0.00991844013 0.121741727 0.0131222839 0.0102222543 0.122129805 0.0136717791 0.0103333686 0.121963508 0.0131222839 0.0102222543 0.122129805 0.0136717791 0.0103333686 0.121963508 0.0131222839 0.0105556352 0.122403406 0.0136717791 0.0106970565 0.122261979 0.0131222839 0.0105556352 0.122403406 0.0136717791 0.0106970565 0.122261979 0.0131222839 0.0108292336 0.122736782 0.0136717791 0.0109955268 0.122625671 0.0131222839 0.0108292336 0.122736782 0.0136717791 0.0109955268 0.122625671 0.0131222839 0.0110325348 0.123117134 0.0136717791 0.011217311 0.123040594 0.0131222839 0.0110325348 0.123117134 0.0136717791 0.011217311 0.123040594 0.0131222839 0.0111577278 0.123529837 0.0136717791 0.0113538848 0.123490818 0.0131222839 0.0111577278 0.123529837 0.0136717791 0.0113538848 0.123490818 0.0131222839 0.0111999996 0.123959035 0.0136717791 0.0114000002 0.123959035 0.0126717789 0.0130000003 0.124959037 -0.0163282193 0.0130000003 0.162759036 0.0141717792 0.0130000003 0.124959037 0.0146717792 0.0130000003 0.162759036 0.0146717792 0.0130000003 0.12545903 0.0146337189 0.0130000003 0.125267699 0.0145253325 0.0130000003 0.125105485 0.0143631203 0.0130000003 0.124997094 -0.0158282202 0.0130000003 0.124959037 -0.0160195623 0.0130000003 0.124997094 -0.0161817744 0.0130000003 0.125105485 0.0126717789 0.0130000003 0.12075904 -0.0143282218 0.0130000003 0.12075904 -0.0143282218 0.0130000003 0.124959037 -0.0163282193 0.0130000003 0.12545903 -0.0162901599 0.0130000003 0.125267699 0.0130541679 -0.0105735827 0.165703699 0.0126717789 -0.00999999978 0.165759042 -0.0143282218 -0.00999999978 0.165759042 -0.0143282218 -0.00999999978 0.165759042 -0.0146308718 -0.0104539748 0.165724486 0.0130541679 -0.0105735827 0.165703699 -0.0146308718 -0.0104539748 0.165724486 -0.0147181107 -0.010584835 0.165701479 0.0130541679 -0.0105735827 0.165703699 0.0130541679 -0.0105735827 0.165703699 -0.0147181107 -0.010584835 0.165701479 0.0133448634 -0.011009627 0.165584043 -0.0147181107 -0.010584835 0.165701479 -0.0149172274 -0.0108835092 0.165625989 0.0133448634 -0.011009627 0.165584043 0.0133448634 -0.011009627 0.165584043 -0.0149172274 -0.0108835092 0.165625989 0.0134366341 -0.0111472821 0.165530995 -0.0149172274 -0.0108835092 0.165625989 -0.0150931468 -0.0111473901 0.16553095 0.0134366341 -0.0111472821 0.165530995 0.0134366341 -0.0111472821 0.165530995 -0.0150931468 -0.0111473901 0.16553095 0.0136099262 -0.0114072207 0.165408507 -0.0150931468 -0.0111473901 0.16553095 -0.0151779214 -0.011274551 0.165474832 0.0136099262 -0.0114072207 0.165408507 0.0136099262 -0.0114072207 0.165408507 -0.0151779214 -0.011274551 0.165474832 0.0137824528 -0.0116660111 0.165253907 0.0140856346 -0.0121207843 0.164880887 0.0140388301 -0.0120505765 0.164948821 -0.0157421809 -0.0121209407 0.164880738 0.0140388301 -0.0120505765 0.164948821 0.0138421087 -0.0117554944 0.165191785 -0.0157421809 -0.0121209407 0.164880738 -0.0157421809 -0.0121209407 0.164880738 0.0138421087 -0.0117554944 0.165191785 -0.0156054506 -0.0119158458 0.165067613 0.0138421087 -0.0117554944 0.165191785 0.0137824528 -0.0116660111 0.165253907 -0.0156054506 -0.0119158458 0.165067613 -0.0156054506 -0.0119158458 0.165067613 0.0137824528 -0.0116660111 0.165253907 -0.0154078072 -0.0116193779 0.165284425 0.0137824528 -0.0116660111 0.165253907 -0.0151779214 -0.011274551 0.165474832 -0.0154078072 -0.0116193779 0.165284425 0.0140856346 -0.0121207843 0.164880887 -0.0157421809 -0.0121209407 0.164880738 0.0142011559 -0.0122940643 0.164692238 -0.0157421809 -0.0121209407 0.164880738 -0.0157720372 -0.0121657271 0.164835006 0.0142011559 -0.0122940643 0.164692238 0.0142011559 -0.0122940643 0.164692238 -0.0157720372 -0.0121657271 0.164835006 0.0143336849 -0.0124928588 0.16442807 -0.0157720372 -0.0121657271 0.164835006 -0.0159904808 -0.0124933925 0.164427266 0.0143336849 -0.0124928588 0.16442807 0.0143336849 -0.0124928588 0.16442807 -0.0159904808 -0.0124933925 0.164427266 0.0144296885 -0.0126368646 0.164189756 -0.0159904808 -0.0124933925 0.164427266 -0.0160306804 -0.0125536891 0.164333418 0.0144296885 -0.0126368646 0.164189756 0.0144296885 -0.0126368646 0.164189756 -0.0160306804 -0.0125536891 0.164333418 0.014519088 -0.0127709629 0.16390872 -0.0160306804 -0.0125536891 0.164333418 -0.0161757246 -0.0127712581 0.163908005 0.014519088 -0.0127709629 0.16390872 0.014519088 -0.0127709629 0.16390872 -0.0161757246 -0.0127712581 0.163908005 0.0145711889 -0.0128491158 0.16369848 -0.0161757246 -0.0127712581 0.163908005 -0.0161944963 -0.0127994139 0.163837597 0.0145711889 -0.0128491158 0.16369848 0.0145711889 -0.0128491158 0.16369848 -0.0161944963 -0.0127994139 0.163837597 0.0146332523 -0.0129422098 0.163345039 -0.0161944963 -0.0127994139 0.163837597 -0.0162879024 -0.012939523 0.163358375 0.0146332523 -0.0129422098 0.163345039 -0.0162879024 -0.012939523 0.163358375 -0.0163262617 -0.012997061 0.16289179 0.0146332523 -0.0129422098 0.163345039 0.0146332523 -0.0129422098 0.163345039 -0.0163262617 -0.012997061 0.16289179 0.0146476487 -0.0129638044 0.163223654 -0.0163262617 -0.012997061 0.16289179 -0.0163282193 -0.0130000003 0.162759036 0.0146476487 -0.0129638044 0.163223654 0.0146476487 -0.0129638044 0.163223654 -0.0163282193 -0.0130000003 0.162759036 0.0146717792 -0.0130000003 0.162759036 -0.0173282195 -0.00791692454 0.160568729 -0.0173282195 -0.00879861228 0.160301268 -0.0173282195 -0.0120000001 0.162759036 -0.0173282195 0.0120000001 0.162759036 -0.0173282195 0.0120000001 0.12545903 -0.0173282195 0.0116999997 0.15595904 -0.0173282195 0.0116999997 0.12545903 -0.0173282195 -0.0116999997 0.12545903 -0.0173282195 -0.0120000001 0.12545903 -0.0173282195 -0.0116999997 0.15595904 -0.0173282195 -0.00961118005 0.159866944 -0.0173282195 -0.0103234015 0.159282431 -0.0173282195 -0.010907907 0.158570215 -0.0173282195 0.0116096912 0.156875968 -0.0173282195 0.011342234 0.157757655 -0.0173282195 0.010907907 0.158570215 -0.0173282195 0.0103234015 0.159282431 -0.0173282195 0.00961118005 0.159866944 -0.0173282195 0.00879861228 0.160301268 -0.0173282195 -0.011342234 0.157757655 -0.0173282195 -0.0116096912 0.156875968 -0.0173282195 0.00791692454 0.160568729 -0.0173282195 0.00700000022 0.16065903 -0.0173282195 -0.00700000022 0.16065903 -0.015328222 -0.0120000001 0.12075904 -0.015328222 0.0120000001 0.12075904 0.0126717789 0.0130000003 0.12075904 0.0130544621 0.0129238795 0.12075904 0.0135032488 0.0125555703 0.12075904 0.0135032488 -0.0125555703 0.12075904 0.0130544621 -0.0129238795 0.12075904 0.0136717791 -0.0120000001 0.12075904 0.0126717789 -0.0130000003 0.12075904 0.0136717791 0.0120000001 0.12075904 -0.0152521012 0.0123826833 0.12075904 -0.0148837911 0.01283147 0.12075904 -0.0143282218 0.0130000003 0.12075904 -0.0148837911 -0.01283147 0.12075904 -0.0152521012 -0.0123826833 0.12075904 -0.0143282218 -0.0130000003 0.12075904 0.0141717792 -0.0120000001 0.123959035 0.0141717792 -0.0116999997 0.123959035 0.0147458045 -0.0116999997 0.124073215 0.0147458045 -0.0120000001 0.124073215 0.0147458045 -0.0116999997 0.124073215 0.0152324392 -0.0116999997 0.124398381 0.0147458045 -0.0120000001 0.124073215 0.0152324392 -0.0120000001 0.124398381 0.0152324392 -0.0116999997 0.124398381 0.0155575983 -0.0116999997 0.124885015 0.0152324392 -0.0120000001 0.124398381 0.0155575983 -0.0120000001 0.124885015 0.0155575983 -0.0116999997 0.124885015 0.0156717785 -0.0116999997 0.12545903 0.0155575983 -0.0120000001 0.124885015 0.0156717785 -0.0120000001 0.12545903 0.015613989 -0.0119614732 0.163345039 0.015520894 -0.0118994098 0.16369848 0.0153646488 -0.0123492545 0.163795277 0.0138190612 -0.010764855 0.165530995 0.0136814062 -0.0106730852 0.165584043 0.0135741299 -0.0107892044 0.165608779 0.013182505 -0.0104468204 0.165711775 0.0132453619 -0.0103823887 0.165703699 0.0126717789 -0.00999999978 0.165759042 0.0135741299 -0.0107892044 0.165608779 0.0136814062 -0.0106730852 0.165584043 0.013182505 -0.0104468204 0.165711775 0.0136814062 -0.0106730852 0.165584043 0.0132569876 -0.0103901392 0.165701404 0.013182505 -0.0104468204 0.165711775 0.013182505 -0.0104468204 0.165711775 0.0132569876 -0.0103901392 0.165701404 0.0132453619 -0.0103823887 0.165703699 0.0126717789 -0.00999999978 0.165759042 0.0130541679 -0.0105735827 0.165703699 0.0131185995 -0.0105107259 0.165711775 0.0130541679 -0.0105735827 0.165703699 0.0133448634 -0.011009627 0.165584043 0.0131185995 -0.0105107259 0.165711775 0.0131185995 -0.0105107259 0.165711775 0.0133448634 -0.011009627 0.165584043 0.0134609835 -0.0109023508 0.165608779 0.0133448634 -0.011009627 0.165584043 0.0134366341 -0.0111472821 0.165530995 0.0134609835 -0.0109023508 0.165608779 0.0134609835 -0.0109023508 0.165608779 0.0134366341 -0.0111472821 0.165530995 0.0137774404 -0.0112647004 0.165455565 0.0134366341 -0.0111472821 0.165530995 0.0136099262 -0.0114072207 0.165408507 0.0137774404 -0.0112647004 0.165455565 0.0137774404 -0.0112647004 0.165455565 0.0136099262 -0.0114072207 0.165408507 0.0140600391 -0.0115886824 0.165262625 0.0136099262 -0.0114072207 0.165408507 0.0137824528 -0.0116660111 0.165253907 0.0140600391 -0.0115886824 0.165262625 0.0138190612 -0.010764855 0.165530995 0.0135741299 -0.0107892044 0.165608779 0.0140789999 -0.0109381471 0.165408507 0.0135741299 -0.0107892044 0.165608779 0.0139364796 -0.0111056613 0.165455565 0.0140789999 -0.0109381471 0.165408507 0.0140789999 -0.0109381471 0.165408507 0.0139364796 -0.0111056613 0.165455565 0.0143377902 -0.0111106746 0.165253907 0.0139364796 -0.0111056613 0.165455565 0.0142604616 -0.0113882599 0.165262625 0.0143377902 -0.0111106746 0.165253907 0.0143377902 -0.0111106746 0.165253907 0.0142604616 -0.0113882599 0.165262625 0.0144272735 -0.0111703295 0.165191785 0.0142604616 -0.0113882599 0.165262625 0.0145420535 -0.0116335936 0.16504091 0.0144272735 -0.0111703295 0.165191785 0.0144272735 -0.0111703295 0.165191785 0.0145420535 -0.0116335936 0.16504091 0.0147223556 -0.0113670509 0.164948821 0.0137824528 -0.0116660111 0.165253907 0.0138421087 -0.0117554944 0.165191785 0.0140600391 -0.0115886824 0.165262625 0.0138421087 -0.0117554944 0.165191785 0.0140388301 -0.0120505765 0.164948821 0.0140600391 -0.0115886824 0.165262625 0.0140600391 -0.0115886824 0.165262625 0.0140388301 -0.0120505765 0.164948821 0.0143053727 -0.0118702743 0.16504091 0.0140388301 -0.0120505765 0.164948821 0.0140856346 -0.0121207843 0.164880887 0.0143053727 -0.0118702743 0.16504091 0.0143053727 -0.0118702743 0.16504091 0.0140856346 -0.0121207843 0.164880887 0.0145136174 -0.0121095208 0.164800033 0.0140856346 -0.0121207843 0.164880887 0.0142011559 -0.0122940643 0.164692238 0.0145136174 -0.0121095208 0.164800033 0.0145136174 -0.0121095208 0.164800033 0.0142011559 -0.0122940643 0.164692238 0.014819948 -0.0124617005 0.164306462 0.0142011559 -0.0122940643 0.164692238 0.0143336849 -0.0124928588 0.16442807 0.014819948 -0.0124617005 0.164306462 0.0126717789 -0.00999999978 0.165759042 0.0131185995 -0.0105107259 0.165711775 0.013182505 -0.0104468204 0.165711775 0.0131185995 -0.0105107259 0.165711775 0.0134609835 -0.0109023508 0.165608779 0.013182505 -0.0104468204 0.165711775 0.0135741299 -0.0107892044 0.165608779 0.0134609835 -0.0109023508 0.165608779 0.0137774404 -0.0112647004 0.165455565 0.0135741299 -0.0107892044 0.165608779 0.0139364796 -0.0111056613 0.165455565 0.0137774404 -0.0112647004 0.165455565 0.0140600391 -0.0115886824 0.165262625 0.0139364796 -0.0111056613 0.165455565 0.0142604616 -0.0113882599 0.165262625 0.0140600391 -0.0115886824 0.165262625 0.0143053727 -0.0118702743 0.16504091 0.0142604616 -0.0113882599 0.165262625 0.0145420535 -0.0116335936 0.16504091 0.0143053727 -0.0118702743 0.16504091 0.0145136174 -0.0121095208 0.164800033 0.0145420535 -0.0116335936 0.16504091 0.0147813 -0.0118418382 0.164800033 0.0145136174 -0.0121095208 0.164800033 0.014819948 -0.0124617005 0.164306462 0.0147813 -0.0118418382 0.164800033 0.0151334796 -0.0121481689 0.164306462 0.015442742 -0.0118473088 0.16390872 0.0153086437 -0.0117579093 0.164189756 0.0151334796 -0.0121481689 0.164306462 0.0153086437 -0.0117579093 0.164189756 0.0151646379 -0.0116619058 0.16442807 0.0151334796 -0.0121481689 0.164306462 0.0151334796 -0.0121481689 0.164306462 0.0151646379 -0.0116619058 0.16442807 0.0147813 -0.0118418382 0.164800033 0.0151646379 -0.0116619058 0.16442807 0.0149658434 -0.0115293767 0.164692238 0.0147813 -0.0118418382 0.164800033 0.0147813 -0.0118418382 0.164800033 0.0149658434 -0.0115293767 0.164692238 0.0145420535 -0.0116335936 0.16504091 0.0149658434 -0.0115293767 0.164692238 0.0147925634 -0.0114138564 0.164880887 0.0145420535 -0.0116335936 0.16504091 0.0145420535 -0.0116335936 0.16504091 0.0147925634 -0.0114138564 0.164880887 0.0147223556 -0.0113670509 0.164948821 0.0144296885 -0.0126368646 0.164189756 0.014519088 -0.0127709629 0.16390872 0.0150210327 -0.0126928696 0.163795277 0.015520894 -0.0118994098 0.16369848 0.015442742 -0.0118473088 0.16390872 0.0153646488 -0.0123492545 0.163795277 0.015442742 -0.0118473088 0.16390872 0.0151334796 -0.0121481689 0.164306462 0.0153646488 -0.0123492545 0.163795277 0.0153646488 -0.0123492545 0.163795277 0.0151334796 -0.0121481689 0.164306462 0.0150210327 -0.0126928696 0.163795277 0.014819948 -0.0124617005 0.164306462 0.0150210327 -0.0126928696 0.163795277 0.014819948 -0.0124617005 0.164306462 0.0144296885 -0.0126368646 0.164189756 0.014819948 -0.0124617005 0.164306462 0.0143336849 -0.0124928588 0.16442807 0.0144296885 -0.0126368646 0.164189756 0.0156355835 -0.0119758695 0.163223654 0.015613989 -0.0119614732 0.163345039 0.0154954605 -0.0124631207 0.163278058 0.015613989 -0.0119614732 0.163345039 0.0153646488 -0.0123492545 0.163795277 0.0154954605 -0.0124631207 0.163278058 0.0154954605 -0.0124631207 0.163278058 0.0153646488 -0.0123492545 0.163795277 0.0151348999 -0.0128236813 0.163278058 0.0150210327 -0.0126928696 0.163795277 0.0151348999 -0.0128236813 0.163278058 0.0150210327 -0.0126928696 0.163795277 0.0145711889 -0.0128491158 0.16369848 0.0150210327 -0.0126928696 0.163795277 0.014519088 -0.0127709629 0.16390872 0.0145711889 -0.0128491158 0.16369848 0.0146717792 -0.0130000003 0.162759036 0.0150544625 -0.0129238795 0.162759036 0.0146476487 -0.0129638044 0.163223654 0.0150544625 -0.0129238795 0.162759036 0.0151348999 -0.0128236813 0.163278058 0.0146476487 -0.0129638044 0.163223654 0.0146476487 -0.0129638044 0.163223654 0.0151348999 -0.0128236813 0.163278058 0.0146332523 -0.0129422098 0.163345039 0.0151348999 -0.0128236813 0.163278058 0.0145711889 -0.0128491158 0.16369848 0.0146332523 -0.0129422098 0.163345039 0.0156717785 -0.0120000001 0.162759036 0.0156355835 -0.0119758695 0.163223654 0.015537804 -0.0125000002 0.162759036 0.0156355835 -0.0119758695 0.163223654 0.0154954605 -0.0124631207 0.163278058 0.015537804 -0.0125000002 0.162759036 0.015537804 -0.0125000002 0.162759036 0.0154954605 -0.0124631207 0.163278058 0.0155032482 -0.0125555703 0.162759036 0.0154954605 -0.0124631207 0.163278058 0.0151348999 -0.0128236813 0.163278058 0.0155032482 -0.0125555703 0.162759036 0.0155032482 -0.0125555703 0.162759036 0.0151348999 -0.0128236813 0.163278058 0.0151717793 -0.0128660258 0.162759036 0.0151348999 -0.0128236813 0.163278058 0.0150544625 -0.0129238795 0.162759036 0.0151717793 -0.0128660258 0.162759036 -0.0157420766 0.0121207843 0.164880887 0.0142011559 0.0122940643 0.164692238 -0.015857596 0.0122940643 0.164692238 0.0142011559 0.0122940643 0.164692238 0.0143336849 0.0124928588 0.16442807 -0.015857596 0.0122940643 0.164692238 -0.0159901269 0.0124928588 0.16442807 0.0143336849 0.0124928588 0.16442807 0.0144296885 0.0126368646 0.164189756 -0.0159901269 0.0124928588 0.16442807 -0.0160861295 0.0126368646 0.164189756 0.0144296885 0.0126368646 0.164189756 0.014519088 0.0127709629 0.16390872 -0.0160861295 0.0126368646 0.164189756 -0.016175529 0.0127709629 0.16390872 0.014519088 0.0127709629 0.16390872 0.0145711889 0.0128491158 0.16369848 -0.016175529 0.0127709629 0.16390872 -0.0162276309 0.0128491158 0.16369848 0.0145711889 0.0128491158 0.16369848 0.0146332523 0.0129422098 0.163345039 -0.0162276309 0.0128491158 0.16369848 -0.0162896942 0.0129422098 0.163345039 0.0146332523 0.0129422098 0.163345039 0.0146476487 0.0129638044 0.163223654 -0.0162896942 0.0129422098 0.163345039 -0.0163040906 0.0129638044 0.163223654 0.0146476487 0.0129638044 0.163223654 0.0146717792 0.0130000003 0.162759036 -0.0163040906 0.0129638044 0.163223654 -0.0163282193 0.0130000003 0.162759036 0.0138421087 0.0117554944 0.165191785 0.0140388301 0.0120505765 0.164948821 -0.0157420766 0.0121207843 0.164880887 0.0140388301 0.0120505765 0.164948821 0.0140856346 0.0121207843 0.164880887 -0.0157420766 0.0121207843 0.164880887 0.0140856346 0.0121207843 0.164880887 -0.0143282218 0.00999999978 0.165759042 0.0126717789 0.00999999978 0.165759042 -0.0147106098 0.0105735827 0.165703699 0.0130541679 0.0105735827 0.165703699 -0.0147106098 0.0105735827 0.165703699 0.0130541679 0.0105735827 0.165703699 -0.0147183603 0.0105852084 0.165701404 0.0130619183 0.0105852084 0.165701404 -0.0147183603 0.0105852084 0.165701404 0.0130619183 0.0105852084 0.165701404 -0.0150013054 0.011009627 0.165584043 0.0133448634 0.011009627 0.165584043 -0.0150013054 0.011009627 0.165584043 0.0133448634 0.011009627 0.165584043 -0.015093076 0.0111472821 0.165530995 0.0134366341 0.0111472821 0.165530995 -0.015093076 0.0111472821 0.165530995 0.0134366341 0.0111472821 0.165530995 -0.0152663691 0.0114072207 0.165408507 0.0136099262 0.0114072207 0.165408507 -0.0152663691 0.0114072207 0.165408507 0.0136099262 0.0114072207 0.165408507 -0.0154388947 0.0116660111 0.165253907 0.0137824528 0.0116660111 0.165253907 -0.0154388947 0.0116660111 0.165253907 0.0137824528 0.0116660111 0.165253907 -0.0154985515 0.0117554944 0.165191785 0.0138421087 0.0117554944 0.165191785 -0.0154985515 0.0117554944 0.165191785 0.0138421087 0.0117554944 0.165191785 -0.0156952702 0.0120505765 0.164948821 0.0138421087 0.0117554944 0.165191785 -0.0157420766 0.0121207843 0.164880887 -0.0156952702 0.0120505765 0.164948821 0.0136717791 -0.011217311 0.123040594 0.0136717791 -0.0113538848 0.123490818 0.0136717791 -0.0116999997 0.123959035 0.0136717791 -0.0114000002 0.123959035 0.0136717791 -0.0114000002 0.124783278 0.0136717791 0.0114000002 0.124783278 0.0136717791 0.0114000002 0.123959035 0.0136717791 0.0116999997 0.123959035 0.0136717791 0.0113538848 0.123490818 0.0136717791 0.0120000001 0.12075904 0.0136717791 0.011217311 0.123040594 0.0136717791 0.0109955268 0.122625671 0.0136717791 -0.00946821645 0.12160515 0.0136717791 -0.00991844013 0.121741727 0.0136717791 -0.0120000001 0.12075904 0.0136717791 -0.0103333686 0.121963508 0.0136717791 -0.0106970565 0.122261979 0.0136717791 -0.0120000001 0.123959035 0.0136717791 -0.0109955268 0.122625671 0.0136717791 0.0120000001 0.123959035 0.0136717791 0.0106970565 0.122261979 0.0136717791 0.0103333686 0.121963508 0.0136717791 0.00991844013 0.121741727 0.0136717791 0.00946821645 0.12160515 0.0136717791 0.00899999961 0.121559039 0.0136717791 -0.00899999961 0.121559039 -0.0150353285 0.0127071068 0.124251932 -0.0148837911 0.01283147 0.124403469 -0.0148837911 0.01283147 0.12075904 -0.0145233115 0.0129807852 0.124763943 -0.0143282218 0.0130000003 0.124959037 -0.0143282218 0.0130000003 0.12075904 -0.0148837911 0.01283147 0.12075904 -0.0148837911 0.01283147 0.124403469 -0.0143282218 0.0130000003 0.12075904 -0.0148837911 0.01283147 0.124403469 -0.0147109041 0.0129238795 0.124576353 -0.0143282218 0.0130000003 0.12075904 -0.0143282218 0.0130000003 0.12075904 -0.0147109041 0.0129238795 0.124576353 -0.0145233115 0.0129807852 0.124763943 -0.0152521012 0.0123826833 0.12075904 -0.015328222 0.0120000001 0.12075904 -0.015328222 0.0120000001 0.123959035 -0.015328222 0.0120000001 0.123959035 -0.0153090069 0.0121950908 0.12397825 -0.0152521012 0.0123826833 0.12075904 -0.0153090069 0.0121950908 0.12397825 -0.0152521012 0.0123826833 0.124035157 -0.0152521012 0.0123826833 0.12075904 -0.0152521012 0.0123826833 0.12075904 -0.0152521012 0.0123826833 0.124035157 -0.0148837911 0.01283147 0.12075904 -0.0152521012 0.0123826833 0.124035157 -0.0151596898 0.0125555703 0.124127567 -0.0148837911 0.01283147 0.12075904 -0.0148837911 0.01283147 0.12075904 -0.0151596898 0.0125555703 0.124127567 -0.0150353285 0.0127071068 0.124251932 0.0142980404 -0.00700000022 0.160159037 0.0126717789 -0.00700000022 0.160159037 0.0142980404 0.00700000022 0.160159037 0.0126717789 0.00700000022 0.160159037 -0.0143282218 0.00999999978 0.165759042 -0.0147106098 0.0105735827 0.165703699 -0.0147750406 0.0105107259 0.165711775 -0.0147106098 0.0105735827 0.165703699 -0.0147183603 0.0105852084 0.165701404 -0.0147750406 0.0105107259 0.165711775 -0.0147750406 0.0105107259 0.165711775 -0.0147183603 0.0105852084 0.165701404 -0.0151174264 0.0109023508 0.165608779 -0.0143282218 0.00999999978 0.165759042 -0.0148389461 0.0104468204 0.165711775 -0.0149018047 0.0103823887 0.165703699 -0.0148389461 0.0104468204 0.165711775 -0.0152305728 0.0107892044 0.165608779 -0.0149018047 0.0103823887 0.165703699 -0.0149018047 0.0103823887 0.165703699 -0.0152305728 0.0107892044 0.165608779 -0.0153378481 0.0106730852 0.165584043 -0.0147183603 0.0105852084 0.165701404 -0.0150013054 0.011009627 0.165584043 -0.0151174264 0.0109023508 0.165608779 -0.0150013054 0.011009627 0.165584043 -0.015093076 0.0111472821 0.165530995 -0.0151174264 0.0109023508 0.165608779 -0.0151174264 0.0109023508 0.165608779 -0.015093076 0.0111472821 0.165530995 -0.0154338824 0.0112647004 0.165455565 -0.015093076 0.0111472821 0.165530995 -0.0152663691 0.0114072207 0.165408507 -0.0154338824 0.0112647004 0.165455565 -0.0154338824 0.0112647004 0.165455565 -0.0152663691 0.0114072207 0.165408507 -0.0157164801 0.0115886824 0.165262625 -0.0152663691 0.0114072207 0.165408507 -0.0154388947 0.0116660111 0.165253907 -0.0157164801 0.0115886824 0.165262625 -0.0164490044 0.0114138564 0.164880887 -0.0163787957 0.0113670509 0.164948821 -0.0161984954 0.0116335936 0.16504091 -0.0163787957 0.0113670509 0.164948821 -0.0160837155 0.0111703295 0.165191785 -0.0161984954 0.0116335936 0.16504091 -0.0161984954 0.0116335936 0.16504091 -0.0160837155 0.0111703295 0.165191785 -0.0159169026 0.0113882599 0.165262625 -0.0160837155 0.0111703295 0.165191785 -0.0159942321 0.0111106746 0.165253907 -0.0159169026 0.0113882599 0.165262625 -0.0159169026 0.0113882599 0.165262625 -0.0159942321 0.0111106746 0.165253907 -0.0155929225 0.0111056613 0.165455565 -0.0159942321 0.0111106746 0.165253907 -0.0157354418 0.0109381471 0.165408507 -0.0155929225 0.0111056613 0.165455565 -0.0155929225 0.0111056613 0.165455565 -0.0157354418 0.0109381471 0.165408507 -0.0152305728 0.0107892044 0.165608779 -0.0157354418 0.0109381471 0.165408507 -0.0154755032 0.010764855 0.165530995 -0.0152305728 0.0107892044 0.165608779 -0.0152305728 0.0107892044 0.165608779 -0.0154755032 0.010764855 0.165530995 -0.0153378481 0.0106730852 0.165584043 -0.0154388947 0.0116660111 0.165253907 -0.0154985515 0.0117554944 0.165191785 -0.0157164801 0.0115886824 0.165262625 -0.0154985515 0.0117554944 0.165191785 -0.0156952702 0.0120505765 0.164948821 -0.0157164801 0.0115886824 0.165262625 -0.0157164801 0.0115886824 0.165262625 -0.0156952702 0.0120505765 0.164948821 -0.0159618147 0.0118702743 0.16504091 -0.0156952702 0.0120505765 0.164948821 -0.0157420766 0.0121207843 0.164880887 -0.0159618147 0.0118702743 0.16504091 -0.0159618147 0.0118702743 0.16504091 -0.0157420766 0.0121207843 0.164880887 -0.0161700584 0.0121095208 0.164800033 -0.0157420766 0.0121207843 0.164880887 -0.015857596 0.0122940643 0.164692238 -0.0161700584 0.0121095208 0.164800033 -0.0161700584 0.0121095208 0.164800033 -0.015857596 0.0122940643 0.164692238 -0.016476389 0.0124617005 0.164306462 -0.0164490044 0.0114138564 0.164880887 -0.0161984954 0.0116335936 0.16504091 -0.0166222844 0.0115293767 0.164692238 -0.0161984954 0.0116335936 0.16504091 -0.016437741 0.0118418382 0.164800033 -0.0166222844 0.0115293767 0.164692238 -0.0166222844 0.0115293767 0.164692238 -0.016437741 0.0118418382 0.164800033 -0.016821079 0.0116619058 0.16442807 -0.016437741 0.0118418382 0.164800033 -0.0167899206 0.0121481689 0.164306462 -0.016821079 0.0116619058 0.16442807 -0.016821079 0.0116619058 0.16442807 -0.0167899206 0.0121481689 0.164306462 -0.0169650838 0.0117579093 0.164189756 -0.015857596 0.0122940643 0.164692238 -0.0159901269 0.0124928588 0.16442807 -0.016476389 0.0124617005 0.164306462 -0.0159901269 0.0124928588 0.16442807 -0.0160861295 0.0126368646 0.164189756 -0.016476389 0.0124617005 0.164306462 -0.016476389 0.0124617005 0.164306462 -0.0160861295 0.0126368646 0.164189756 -0.0166774746 0.0126928696 0.163795277 -0.0169650838 0.0117579093 0.164189756 -0.0167899206 0.0121481689 0.164306462 -0.0170991831 0.0118473088 0.16390872 -0.0167899206 0.0121481689 0.164306462 -0.0170210898 0.0123492545 0.163795277 -0.0170991831 0.0118473088 0.16390872 -0.0170991831 0.0118473088 0.16390872 -0.0170210898 0.0123492545 0.163795277 -0.0171773359 0.0118994098 0.16369848 -0.0160861295 0.0126368646 0.164189756 -0.016175529 0.0127709629 0.16390872 -0.0166774746 0.0126928696 0.163795277 -0.016175529 0.0127709629 0.16390872 -0.0162276309 0.0128491158 0.16369848 -0.0166774746 0.0126928696 0.163795277 -0.0166774746 0.0126928696 0.163795277 -0.0162276309 0.0128491158 0.16369848 -0.01679134 0.0128236813 0.163278058 -0.0143282218 0.00999999978 0.165759042 -0.0147750406 0.0105107259 0.165711775 -0.0148389461 0.0104468204 0.165711775 -0.0147750406 0.0105107259 0.165711775 -0.0151174264 0.0109023508 0.165608779 -0.0148389461 0.0104468204 0.165711775 -0.0152305728 0.0107892044 0.165608779 -0.0151174264 0.0109023508 0.165608779 -0.0154338824 0.0112647004 0.165455565 -0.0152305728 0.0107892044 0.165608779 -0.0155929225 0.0111056613 0.165455565 -0.0154338824 0.0112647004 0.165455565 -0.0157164801 0.0115886824 0.165262625 -0.0155929225 0.0111056613 0.165455565 -0.0159169026 0.0113882599 0.165262625 -0.0157164801 0.0115886824 0.165262625 -0.0159618147 0.0118702743 0.16504091 -0.0159169026 0.0113882599 0.165262625 -0.0161984954 0.0116335936 0.16504091 -0.0159618147 0.0118702743 0.16504091 -0.0161700584 0.0121095208 0.164800033 -0.0161984954 0.0116335936 0.16504091 -0.016437741 0.0118418382 0.164800033 -0.0161700584 0.0121095208 0.164800033 -0.016476389 0.0124617005 0.164306462 -0.016437741 0.0118418382 0.164800033 -0.0167899206 0.0121481689 0.164306462 -0.016476389 0.0124617005 0.164306462 -0.0166774746 0.0126928696 0.163795277 -0.0167899206 0.0121481689 0.164306462 -0.0170210898 0.0123492545 0.163795277 -0.0166774746 0.0126928696 0.163795277 -0.01679134 0.0128236813 0.163278058 -0.0170210898 0.0123492545 0.163795277 -0.0171519015 0.0124631207 0.163278058 -0.0162276309 0.0128491158 0.16369848 -0.0162896942 0.0129422098 0.163345039 -0.01679134 0.0128236813 0.163278058 -0.0162896942 0.0129422098 0.163345039 -0.0163040906 0.0129638044 0.163223654 -0.01679134 0.0128236813 0.163278058 -0.01679134 0.0128236813 0.163278058 -0.0163040906 0.0129638044 0.163223654 -0.0163282193 0.0130000003 0.162759036 -0.0163282193 0.0130000003 0.162759036 -0.0168282203 0.0128660258 0.162759036 -0.01679134 0.0128236813 0.163278058 -0.0168282203 0.0128660258 0.162759036 -0.0168837905 0.01283147 0.162759036 -0.01679134 0.0128236813 0.163278058 -0.01679134 0.0128236813 0.163278058 -0.0168837905 0.01283147 0.162759036 -0.0171519015 0.0124631207 0.163278058 -0.0168837905 0.01283147 0.162759036 -0.017194245 0.0125000002 0.162759036 -0.0171519015 0.0124631207 0.163278058 -0.0171519015 0.0124631207 0.163278058 -0.017194245 0.0125000002 0.162759036 -0.0172521006 0.0123826833 0.162759036 -0.0171773359 0.0118994098 0.16369848 -0.0170210898 0.0123492545 0.163795277 -0.0172704309 0.0119614732 0.163345039 -0.0170210898 0.0123492545 0.163795277 -0.0171519015 0.0124631207 0.163278058 -0.0172704309 0.0119614732 0.163345039 -0.0172704309 0.0119614732 0.163345039 -0.0171519015 0.0124631207 0.163278058 -0.0172920246 0.0119758695 0.163223654 -0.0171519015 0.0124631207 0.163278058 -0.0172521006 0.0123826833 0.162759036 -0.0172920246 0.0119758695 0.163223654 -0.0172920246 0.0119758695 0.163223654 -0.0172521006 0.0123826833 0.162759036 -0.0173282195 0.0120000001 0.162759036 -0.0158282202 0.0120000001 0.123959035 -0.0158282202 0.0116999997 0.123959035 -0.0164022446 0.0116999997 0.124073215 -0.0164022446 0.0120000001 0.124073215 -0.0164022446 0.0116999997 0.124073215 -0.0168888811 0.0116999997 0.124398381 -0.0164022446 0.0120000001 0.124073215 -0.0168888811 0.0120000001 0.124398381 -0.0168888811 0.0116999997 0.124398381 -0.0172140393 0.0116999997 0.124885015 -0.0168888811 0.0120000001 0.124398381 -0.0172140393 0.0120000001 0.124885015 -0.0172140393 0.0116999997 0.124885015 -0.0173282195 0.0116999997 0.12545903 -0.0172140393 0.0120000001 0.124885015 -0.0173282195 0.0120000001 0.12545903 0.0141717792 -0.0116999997 0.123959035 0.0136717791 -0.0116999997 0.123959035 0.0141717792 -0.0111999996 0.125332773 0.0136717791 -0.0114000002 0.124783278 0.0131222839 -0.0111999996 0.125332773 -0.00407822151 0.00325000007 0.175609037 0.00242177886 0.00325000007 0.175609037 -0.00407822151 0.00325000007 0.165759042 0.00242177886 0.00325000007 0.165759042 -0.0173282195 0.0120000001 0.12545903 -0.0173282195 0.0120000001 0.162759036 -0.0172521006 0.0123826833 0.162759036 -0.0163282193 0.0130000003 0.162759036 -0.0163282193 0.0130000003 0.12545903 -0.0168282203 0.0128660258 0.162759036 -0.0163282193 0.0130000003 0.12545903 -0.0167109035 0.0129238795 0.12545903 -0.0168282203 0.0128660258 0.162759036 -0.0168282203 0.0128660258 0.162759036 -0.0167109035 0.0129238795 0.12545903 -0.0168837905 0.01283147 0.162759036 -0.0167109035 0.0129238795 0.12545903 -0.0168837905 0.01283147 0.12545903 -0.0168837905 0.01283147 0.162759036 -0.0168837905 0.01283147 0.162759036 -0.0168837905 0.01283147 0.12545903 -0.017194245 0.0125000002 0.162759036 -0.0168837905 0.01283147 0.12545903 -0.0171596892 0.0125555703 0.12545903 -0.017194245 0.0125000002 0.162759036 -0.017194245 0.0125000002 0.162759036 -0.0171596892 0.0125555703 0.12545903 -0.0172521006 0.0123826833 0.162759036 -0.0171596892 0.0125555703 0.12545903 -0.0172521006 0.0123826833 0.12545903 -0.0172521006 0.0123826833 0.162759036 -0.0172521006 0.0123826833 0.12545903 0.0141717792 -0.0116999997 0.123959035 0.0141717792 -0.0120000001 0.123959035 0.0136717791 -0.0116999997 0.123959035 0.0136717791 -0.0120000001 0.123959035 -0.0158282202 -0.0116999997 0.123959035 -0.0158282202 -0.0120000001 0.123959035 -0.0164022446 -0.0120000001 0.124073215 -0.0164022446 -0.0116999997 0.124073215 -0.0164022446 -0.0120000001 0.124073215 -0.0168888811 -0.0120000001 0.124398381 -0.0164022446 -0.0116999997 0.124073215 -0.0168888811 -0.0116999997 0.124398381 -0.0168888811 -0.0120000001 0.124398381 -0.0172140393 -0.0120000001 0.124885015 -0.0168888811 -0.0116999997 0.124398381 -0.0172140393 -0.0116999997 0.124885015 -0.0172140393 -0.0120000001 0.124885015 -0.0173282195 -0.0120000001 0.12545903 -0.0172140393 -0.0116999997 0.124885015 -0.0173282195 -0.0116999997 0.12545903 0.0155032482 0.0125555703 0.12545903 0.0150544625 0.0129238795 0.12545903 0.0150544625 0.0129238795 0.162759036 0.0150544625 0.0129238795 0.12545903 0.0146717792 0.0130000003 0.12545903 0.0150544625 0.0129238795 0.162759036 0.0146717792 0.0130000003 0.162759036 0.0150544625 0.0129238795 0.162759036 0.0151717793 0.0128660258 0.162759036 0.0155032482 0.0125555703 0.12545903 0.0151717793 0.0128660258 0.162759036 0.0155032482 0.0125555703 0.162759036 0.0155032482 0.0125555703 0.12545903 0.0155032482 0.0125555703 0.12545903 0.0155032482 0.0125555703 0.162759036 0.0156717785 0.0120000001 0.12545903 0.0155032482 0.0125555703 0.162759036 0.015537804 0.0125000002 0.162759036 0.0156717785 0.0120000001 0.12545903 0.0156717785 0.0120000001 0.12545903 0.015537804 0.0125000002 0.162759036 0.0156717785 0.0120000001 0.162759036 -0.0143282218 -0.00999999978 0.165759042 -0.0146816587 -0.0104039647 0.165729567 -0.0146308718 -0.0104539748 0.165724486 -0.0160689522 -0.0115207648 0.165150061 -0.016244065 -0.0112772305 0.165067613 -0.0164939463 -0.011443818 0.164835006 -0.0168216117 -0.0116622616 0.164427266 -0.0168819092 -0.0117024593 0.164333418 -0.0167024154 -0.0120720658 0.164450616 -0.0168282203 -0.0128660258 0.162759036 -0.0163282193 -0.0130000003 0.162759036 -0.0163262617 -0.012997061 0.16289179 -0.0173282195 -0.0120000001 0.162759036 -0.0172521006 -0.0123826833 0.162759036 -0.0171907861 -0.0124969874 0.162907928 -0.0172521006 -0.0123826833 0.162759036 -0.017194245 -0.0125000002 0.162759036 -0.0171907861 -0.0124969874 0.162907928 -0.0171907861 -0.0124969874 0.162907928 -0.017194245 -0.0125000002 0.162759036 -0.0168837905 -0.01283147 0.162759036 -0.0173282195 -0.0120000001 0.162759036 -0.0171907861 -0.0124969874 0.162907928 -0.0173252821 -0.0119980406 0.16289179 -0.0171907861 -0.0124969874 0.162907928 -0.0171237979 -0.0124386493 0.163426682 -0.0173252821 -0.0119980406 0.16289179 -0.0173252821 -0.0119980406 0.16289179 -0.0171237979 -0.0124386493 0.163426682 -0.0172677431 -0.0119596822 0.163358375 -0.0171237979 -0.0124386493 0.163426682 -0.0169658065 -0.0123011535 0.163942784 -0.0172677431 -0.0119596822 0.163358375 -0.0172677431 -0.0119596822 0.163358375 -0.0169658065 -0.0123011535 0.163942784 -0.017127635 -0.0118662762 0.163837597 -0.0168282203 -0.0128660258 0.162759036 -0.0163262617 -0.012997061 0.16289179 -0.0168252066 -0.0128625669 0.162907928 -0.0163262617 -0.012997061 0.16289179 -0.0162879024 -0.012939523 0.163358375 -0.0168252066 -0.0128625669 0.162907928 -0.0168252066 -0.0128625669 0.162907928 -0.0162879024 -0.012939523 0.163358375 -0.0167668685 -0.0127955778 0.163426682 -0.0162879024 -0.012939523 0.163358375 -0.0161944963 -0.0127994139 0.163837597 -0.0167668685 -0.0127955778 0.163426682 -0.0167668685 -0.0127955778 0.163426682 -0.0161944963 -0.0127994139 0.163837597 -0.0166293737 -0.0126375854 0.163942784 -0.0161944963 -0.0127994139 0.163837597 -0.0161757246 -0.0127712581 0.163908005 -0.0166293737 -0.0126375854 0.163942784 -0.0166293737 -0.0126375854 0.163942784 -0.0161757246 -0.0127712581 0.163908005 -0.0164002851 -0.0123741953 0.164450616 -0.0167024154 -0.0120720658 0.164450616 -0.0168819092 -0.0117024593 0.164333418 -0.0169658065 -0.0123011535 0.163942784 -0.0168819092 -0.0117024593 0.164333418 -0.0170994774 -0.0118475053 0.163908005 -0.0169658065 -0.0123011535 0.163942784 -0.0169658065 -0.0123011535 0.163942784 -0.0170994774 -0.0118475053 0.163908005 -0.017127635 -0.0118662762 0.163837597 -0.0161757246 -0.0127712581 0.163908005 -0.0160306804 -0.0125536891 0.164333418 -0.0164002851 -0.0123741953 0.164450616 -0.0160306804 -0.0125536891 0.164333418 -0.0159904808 -0.0124933925 0.164427266 -0.0164002851 -0.0123741953 0.164450616 -0.0164002851 -0.0123741953 0.164450616 -0.0159904808 -0.0124933925 0.164427266 -0.0160595253 -0.0119825089 0.164934948 -0.0159904808 -0.0124933925 0.164427266 -0.0157720372 -0.0121657271 0.164835006 -0.0160595253 -0.0119825089 0.164934948 -0.0157720372 -0.0121657271 0.164835006 -0.0157421809 -0.0121209407 0.164880738 -0.0160595253 -0.0119825089 0.164934948 -0.0160595253 -0.0119825089 0.164934948 -0.0157421809 -0.0121209407 0.164880738 -0.0158489849 -0.011740732 0.165150061 -0.0168216117 -0.0116622616 0.164427266 -0.0167024154 -0.0120720658 0.164450616 -0.0164939463 -0.011443818 0.164835006 -0.0167024154 -0.0120720658 0.164450616 -0.0163107291 -0.0117313052 0.164934948 -0.0164939463 -0.011443818 0.164835006 -0.0164939463 -0.011443818 0.164835006 -0.0163107291 -0.0117313052 0.164934948 -0.0160689522 -0.0115207648 0.165150061 -0.016244065 -0.0112772305 0.165067613 -0.0160689522 -0.0115207648 0.165150061 -0.0159945413 -0.0111108804 0.165253699 -0.0160689522 -0.0115207648 0.165150061 -0.015789371 -0.01127706 0.165345639 -0.0159945413 -0.0111108804 0.165253699 -0.0159945413 -0.0111108804 0.165253699 -0.015789371 -0.01127706 0.165345639 -0.015947599 -0.0110795852 0.165284425 -0.015789371 -0.01127706 0.165345639 -0.0154712787 -0.0109994672 0.165513769 -0.015947599 -0.0110795852 0.165284425 -0.015947599 -0.0110795852 0.165284425 -0.0154712787 -0.0109994672 0.165513769 -0.0156027721 -0.0108497012 0.165474832 -0.0157421809 -0.0121209407 0.164880738 -0.0156054506 -0.0119158458 0.165067613 -0.0158489849 -0.011740732 0.165150061 -0.0156054506 -0.0119158458 0.165067613 -0.0154078072 -0.0116193779 0.165284425 -0.0158489849 -0.011740732 0.165150061 -0.0158489849 -0.011740732 0.165150061 -0.0154078072 -0.0116193779 0.165284425 -0.0156052811 -0.0114611499 0.165345639 -0.0154078072 -0.0116193779 0.165284425 -0.0151779214 -0.011274551 0.165474832 -0.0156052811 -0.0114611499 0.165345639 -0.0156052811 -0.0114611499 0.165345639 -0.0151779214 -0.011274551 0.165474832 -0.0153276892 -0.0111430576 0.165513769 -0.0151779214 -0.011274551 0.165474832 -0.0150931468 -0.0111473901 0.16553095 -0.0153276892 -0.0111430576 0.165513769 -0.0153276892 -0.0111430576 0.165513769 -0.0150931468 -0.0111473901 0.16553095 -0.0150180059 -0.0107885953 0.165645018 -0.0150931468 -0.0111473901 0.16553095 -0.0149172274 -0.0108835092 0.165625989 -0.0150180059 -0.0107885953 0.165645018 -0.0150180059 -0.0107885953 0.165645018 -0.0149172274 -0.0108835092 0.165625989 -0.0146816587 -0.0104039647 0.165729567 -0.0149172274 -0.0108835092 0.165625989 -0.0147181107 -0.010584835 0.165701479 -0.0146816587 -0.0104039647 0.165729567 -0.0146816587 -0.0104039647 0.165729567 -0.0147181107 -0.010584835 0.165701479 -0.0146308718 -0.0104539748 0.165724486 -0.0143282218 -0.00999999978 0.165759042 -0.0147321867 -0.0103534367 0.165729567 -0.0146816587 -0.0104039647 0.165729567 -0.0147321867 -0.0103534367 0.165729567 -0.0151168173 -0.0106897848 0.165645018 -0.0146816587 -0.0104039647 0.165729567 -0.0150180059 -0.0107885953 0.165645018 -0.0151168173 -0.0106897848 0.165645018 -0.0154712787 -0.0109994672 0.165513769 -0.0150180059 -0.0107885953 0.165645018 -0.0153276892 -0.0111430576 0.165513769 -0.0154712787 -0.0109994672 0.165513769 -0.015789371 -0.01127706 0.165345639 -0.0153276892 -0.0111430576 0.165513769 -0.0156052811 -0.0114611499 0.165345639 -0.015789371 -0.01127706 0.165345639 -0.0160689522 -0.0115207648 0.165150061 -0.0156052811 -0.0114611499 0.165345639 -0.0158489849 -0.011740732 0.165150061 -0.0160689522 -0.0115207648 0.165150061 -0.0163107291 -0.0117313052 0.164934948 -0.0158489849 -0.011740732 0.165150061 -0.0160595253 -0.0119825089 0.164934948 -0.0163107291 -0.0117313052 0.164934948 -0.0167024154 -0.0120720658 0.164450616 -0.0160595253 -0.0119825089 0.164934948 -0.0164002851 -0.0123741953 0.164450616 -0.0167024154 -0.0120720658 0.164450616 -0.0169658065 -0.0123011535 0.163942784 -0.0164002851 -0.0123741953 0.164450616 -0.0166293737 -0.0126375854 0.163942784 -0.0169658065 -0.0123011535 0.163942784 -0.0171237979 -0.0124386493 0.163426682 -0.0166293737 -0.0126375854 0.163942784 -0.0167668685 -0.0127955778 0.163426682 -0.0171237979 -0.0124386493 0.163426682 -0.0171907861 -0.0124969874 0.162907928 -0.0167668685 -0.0127955778 0.163426682 -0.0168252066 -0.0128625669 0.162907928 -0.0171907861 -0.0124969874 0.162907928 -0.0168837905 -0.01283147 0.162759036 -0.0168252066 -0.0128625669 0.162907928 -0.0168252066 -0.0128625669 0.162907928 -0.0168837905 -0.01283147 0.162759036 -0.0168282203 -0.0128660258 0.162759036 -0.0143282218 -0.00999999978 0.165759042 -0.0147821968 -0.0103026498 0.165724486 -0.0147321867 -0.0103534367 0.165729567 -0.0147821968 -0.0103026498 0.165724486 -0.0149130551 -0.0103898896 0.165701479 -0.0147321867 -0.0103534367 0.165729567 -0.0147321867 -0.0103534367 0.165729567 -0.0149130551 -0.0103898896 0.165701479 -0.0151168173 -0.0106897848 0.165645018 -0.0149130551 -0.0103898896 0.165701479 -0.0152117303 -0.0105890064 0.165625989 -0.0151168173 -0.0106897848 0.165645018 -0.0151168173 -0.0106897848 0.165645018 -0.0152117303 -0.0105890064 0.165625989 -0.0154712787 -0.0109994672 0.165513769 -0.0152117303 -0.0105890064 0.165625989 -0.0154756112 -0.0107649267 0.16553095 -0.0154712787 -0.0109994672 0.165513769 -0.0154712787 -0.0109994672 0.165513769 -0.0154756112 -0.0107649267 0.16553095 -0.0156027721 -0.0108497012 0.165474832 -0.0158282202 0.0116999997 0.123959035 -0.0158282202 0.0120000001 0.123959035 -0.015328222 0.0116999997 0.123959035 -0.015328222 0.0120000001 0.123959035 0.0136717791 0.0116999997 0.123959035 0.0136717791 0.0120000001 0.123959035 0.0141717792 0.0116999997 0.123959035 0.0141717792 0.0120000001 0.123959035 0.0131185995 0.0105107259 0.165711775 0.0130541679 0.0105735827 0.165703699 0.0126717789 0.00999999978 0.165759042 0.0126717789 0.00999999978 0.165759042 0.0132453619 0.0103823887 0.165703699 0.013182505 0.0104468204 0.165711775 0.0132453619 0.0103823887 0.165703699 0.0132569876 0.0103901392 0.165701404 0.013182505 0.0104468204 0.165711775 0.013182505 0.0104468204 0.165711775 0.0132569876 0.0103901392 0.165701404 0.0135741299 0.0107892044 0.165608779 0.0134609835 0.0109023508 0.165608779 0.0133448634 0.011009627 0.165584043 0.0131185995 0.0105107259 0.165711775 0.0133448634 0.011009627 0.165584043 0.0130619183 0.0105852084 0.165701404 0.0131185995 0.0105107259 0.165711775 0.0131185995 0.0105107259 0.165711775 0.0130619183 0.0105852084 0.165701404 0.0130541679 0.0105735827 0.165703699 0.0132569876 0.0103901392 0.165701404 0.0136814062 0.0106730852 0.165584043 0.0135741299 0.0107892044 0.165608779 0.0136814062 0.0106730852 0.165584043 0.0138190612 0.010764855 0.165530995 0.0135741299 0.0107892044 0.165608779 0.0135741299 0.0107892044 0.165608779 0.0138190612 0.010764855 0.165530995 0.0139364796 0.0111056613 0.165455565 0.0138190612 0.010764855 0.165530995 0.0140789999 0.0109381471 0.165408507 0.0139364796 0.0111056613 0.165455565 0.0139364796 0.0111056613 0.165455565 0.0140789999 0.0109381471 0.165408507 0.0142604616 0.0113882599 0.165262625 0.0140789999 0.0109381471 0.165408507 0.0143377902 0.0111106746 0.165253907 0.0142604616 0.0113882599 0.165262625 0.0140856346 0.0121207843 0.164880887 0.0140388301 0.0120505765 0.164948821 0.0143053727 0.0118702743 0.16504091 0.0140388301 0.0120505765 0.164948821 0.0138421087 0.0117554944 0.165191785 0.0143053727 0.0118702743 0.16504091 0.0143053727 0.0118702743 0.16504091 0.0138421087 0.0117554944 0.165191785 0.0140600391 0.0115886824 0.165262625 0.0138421087 0.0117554944 0.165191785 0.0137824528 0.0116660111 0.165253907 0.0140600391 0.0115886824 0.165262625 0.0140600391 0.0115886824 0.165262625 0.0137824528 0.0116660111 0.165253907 0.0137774404 0.0112647004 0.165455565 0.0137824528 0.0116660111 0.165253907 0.0136099262 0.0114072207 0.165408507 0.0137774404 0.0112647004 0.165455565 0.0137774404 0.0112647004 0.165455565 0.0136099262 0.0114072207 0.165408507 0.0134609835 0.0109023508 0.165608779 0.0136099262 0.0114072207 0.165408507 0.0134366341 0.0111472821 0.165530995 0.0134609835 0.0109023508 0.165608779 0.0134609835 0.0109023508 0.165608779 0.0134366341 0.0111472821 0.165530995 0.0133448634 0.011009627 0.165584043 0.0143377902 0.0111106746 0.165253907 0.0144272735 0.0111703295 0.165191785 0.0142604616 0.0113882599 0.165262625 0.0144272735 0.0111703295 0.165191785 0.0147223556 0.0113670509 0.164948821 0.0142604616 0.0113882599 0.165262625 0.0142604616 0.0113882599 0.165262625 0.0147223556 0.0113670509 0.164948821 0.0145420535 0.0116335936 0.16504091 0.0147223556 0.0113670509 0.164948821 0.0147925634 0.0114138564 0.164880887 0.0145420535 0.0116335936 0.16504091 0.0145420535 0.0116335936 0.16504091 0.0147925634 0.0114138564 0.164880887 0.0147813 0.0118418382 0.164800033 0.0147925634 0.0114138564 0.164880887 0.0149658434 0.0115293767 0.164692238 0.0147813 0.0118418382 0.164800033 0.0147813 0.0118418382 0.164800033 0.0149658434 0.0115293767 0.164692238 0.0151334796 0.0121481689 0.164306462 0.0140856346 0.0121207843 0.164880887 0.0143053727 0.0118702743 0.16504091 0.0142011559 0.0122940643 0.164692238 0.0143053727 0.0118702743 0.16504091 0.0145136174 0.0121095208 0.164800033 0.0142011559 0.0122940643 0.164692238 0.0142011559 0.0122940643 0.164692238 0.0145136174 0.0121095208 0.164800033 0.0143336849 0.0124928588 0.16442807 0.0145136174 0.0121095208 0.164800033 0.014819948 0.0124617005 0.164306462 0.0143336849 0.0124928588 0.16442807 0.0143336849 0.0124928588 0.16442807 0.014819948 0.0124617005 0.164306462 0.0144296885 0.0126368646 0.164189756 0.0149658434 0.0115293767 0.164692238 0.0151646379 0.0116619058 0.16442807 0.0151334796 0.0121481689 0.164306462 0.0151646379 0.0116619058 0.16442807 0.0153086437 0.0117579093 0.164189756 0.0151334796 0.0121481689 0.164306462 0.0151334796 0.0121481689 0.164306462 0.0153086437 0.0117579093 0.164189756 0.0153646488 0.0123492545 0.163795277 0.0144296885 0.0126368646 0.164189756 0.014819948 0.0124617005 0.164306462 0.014519088 0.0127709629 0.16390872 0.014819948 0.0124617005 0.164306462 0.0150210327 0.0126928696 0.163795277 0.014519088 0.0127709629 0.16390872 0.014519088 0.0127709629 0.16390872 0.0150210327 0.0126928696 0.163795277 0.0145711889 0.0128491158 0.16369848 0.0153086437 0.0117579093 0.164189756 0.015442742 0.0118473088 0.16390872 0.0153646488 0.0123492545 0.163795277 0.015442742 0.0118473088 0.16390872 0.015520894 0.0118994098 0.16369848 0.0153646488 0.0123492545 0.163795277 0.0153646488 0.0123492545 0.163795277 0.015520894 0.0118994098 0.16369848 0.0154954605 0.0124631207 0.163278058 0.0126717789 0.00999999978 0.165759042 0.013182505 0.0104468204 0.165711775 0.0131185995 0.0105107259 0.165711775 0.013182505 0.0104468204 0.165711775 0.0135741299 0.0107892044 0.165608779 0.0131185995 0.0105107259 0.165711775 0.0134609835 0.0109023508 0.165608779 0.0135741299 0.0107892044 0.165608779 0.0139364796 0.0111056613 0.165455565 0.0134609835 0.0109023508 0.165608779 0.0137774404 0.0112647004 0.165455565 0.0139364796 0.0111056613 0.165455565 0.0142604616 0.0113882599 0.165262625 0.0137774404 0.0112647004 0.165455565 0.0140600391 0.0115886824 0.165262625 0.0142604616 0.0113882599 0.165262625 0.0145420535 0.0116335936 0.16504091 0.0140600391 0.0115886824 0.165262625 0.0143053727 0.0118702743 0.16504091 0.0145420535 0.0116335936 0.16504091 0.0147813 0.0118418382 0.164800033 0.0143053727 0.0118702743 0.16504091 0.0145136174 0.0121095208 0.164800033 0.0147813 0.0118418382 0.164800033 0.0151334796 0.0121481689 0.164306462 0.0145136174 0.0121095208 0.164800033 0.014819948 0.0124617005 0.164306462 0.0151334796 0.0121481689 0.164306462 0.0153646488 0.0123492545 0.163795277 0.014819948 0.0124617005 0.164306462 0.0150210327 0.0126928696 0.163795277 0.0153646488 0.0123492545 0.163795277 0.0154954605 0.0124631207 0.163278058 0.0150210327 0.0126928696 0.163795277 0.0151348999 0.0128236813 0.163278058 0.015520894 0.0118994098 0.16369848 0.015613989 0.0119614732 0.163345039 0.0154954605 0.0124631207 0.163278058 0.015613989 0.0119614732 0.163345039 0.0156355835 0.0119758695 0.163223654 0.0154954605 0.0124631207 0.163278058 0.0154954605 0.0124631207 0.163278058 0.0156355835 0.0119758695 0.163223654 0.0156717785 0.0120000001 0.162759036 0.0156717785 0.0120000001 0.162759036 0.015537804 0.0125000002 0.162759036 0.0154954605 0.0124631207 0.163278058 0.015537804 0.0125000002 0.162759036 0.0155032482 0.0125555703 0.162759036 0.0154954605 0.0124631207 0.163278058 0.0154954605 0.0124631207 0.163278058 0.0155032482 0.0125555703 0.162759036 0.0151348999 0.0128236813 0.163278058 0.0155032482 0.0125555703 0.162759036 0.0151717793 0.0128660258 0.162759036 0.0151348999 0.0128236813 0.163278058 0.0151348999 0.0128236813 0.163278058 0.0151717793 0.0128660258 0.162759036 0.0150544625 0.0129238795 0.162759036 0.0145711889 0.0128491158 0.16369848 0.0150210327 0.0126928696 0.163795277 0.0146332523 0.0129422098 0.163345039 0.0150210327 0.0126928696 0.163795277 0.0151348999 0.0128236813 0.163278058 0.0146332523 0.0129422098 0.163345039 0.0146332523 0.0129422098 0.163345039 0.0151348999 0.0128236813 0.163278058 0.0146476487 0.0129638044 0.163223654 0.0151348999 0.0128236813 0.163278058 0.0150544625 0.0129238795 0.162759036 0.0146476487 0.0129638044 0.163223654 0.0146476487 0.0129638044 0.163223654 0.0150544625 0.0129238795 0.162759036 0.0146717792 0.0130000003 0.162759036 0.0156717785 -0.011342234 0.157757655 0.0156717785 -0.010907907 0.158570215 0.0156717785 -0.0120000001 0.162759036 0.0156717785 0.00791692454 0.160568729 0.0156717785 0.00879861228 0.160301268 0.0156717785 0.0120000001 0.162759036 0.0156717785 0.00961118005 0.159866944 0.0156717785 -0.0120000001 0.12545903 0.0156717785 -0.0116999997 0.12545903 0.0156717785 -0.0116999997 0.15595904 0.0156717785 -0.0116096912 0.156875968 0.0156717785 -0.0103234015 0.159282431 0.0156717785 -0.00961118005 0.159866944 0.0156717785 -0.00879861228 0.160301268 0.0156717785 0.0103234015 0.159282431 0.0156717785 0.010907907 0.158570215 0.0156717785 0.011342234 0.157757655 0.0156717785 -0.00791692454 0.160568729 0.0156717785 -0.00700000022 0.16065903 0.0156717785 0.00700000022 0.16065903 0.0156717785 0.0116999997 0.12545903 0.0156717785 0.0120000001 0.12545903 0.0156717785 0.0116999997 0.15595904 0.0156717785 0.0116096912 0.156875968 -0.0173282195 -0.0120000001 0.12545903 -0.0172521006 -0.0123826833 0.12545903 -0.0173282195 -0.0120000001 0.162759036 -0.0172521006 -0.0123826833 0.162759036 -0.0172521006 -0.0123826833 0.162759036 -0.0172521006 -0.0123826833 0.12545903 -0.017194245 -0.0125000002 0.162759036 -0.0172521006 -0.0123826833 0.12545903 -0.0168837905 -0.01283147 0.12545903 -0.017194245 -0.0125000002 0.162759036 -0.017194245 -0.0125000002 0.162759036 -0.0168837905 -0.01283147 0.12545903 -0.0168837905 -0.01283147 0.162759036 -0.0168837905 -0.01283147 0.162759036 -0.0168837905 -0.01283147 0.12545903 -0.0168282203 -0.0128660258 0.162759036 -0.0168837905 -0.01283147 0.12545903 -0.0163282193 -0.0130000003 0.12545903 -0.0168282203 -0.0128660258 0.162759036 -0.0168282203 -0.0128660258 0.162759036 -0.0163282193 -0.0130000003 0.12545903 -0.0163282193 -0.0130000003 0.162759036 -0.0158282202 -0.0129238795 0.124576353 -0.0147109041 -0.0129238795 0.124576353 -0.0158282202 -0.0130000003 0.124959037 -0.0147109041 -0.0129238795 0.124576353 -0.0145233115 -0.0129807852 0.124763943 -0.0158282202 -0.0130000003 0.124959037 -0.0158282202 -0.0130000003 0.124959037 -0.0145233115 -0.0129807852 0.124763943 -0.0143282218 -0.0130000003 0.124959037 -0.0158282202 -0.0120000001 0.123959035 -0.015328222 -0.0120000001 0.123959035 -0.0158282202 -0.0123826833 0.124035157 -0.015328222 -0.0120000001 0.123959035 -0.0153090069 -0.0121950908 0.12397825 -0.0158282202 -0.0123826833 0.124035157 -0.0158282202 -0.0123826833 0.124035157 -0.0153090069 -0.0121950908 0.12397825 -0.0158282202 -0.0125555703 0.124127567 -0.0153090069 -0.0121950908 0.12397825 -0.0152521012 -0.0123826833 0.124035157 -0.0158282202 -0.0125555703 0.124127567 -0.0152521012 -0.0123826833 0.124035157 -0.0151596898 -0.0125555703 0.124127567 -0.0158282202 -0.0125555703 0.124127567 -0.0158282202 -0.0125555703 0.124127567 -0.0151596898 -0.0125555703 0.124127567 -0.0158282202 -0.01283147 0.124403469 -0.0151596898 -0.0125555703 0.124127567 -0.0150353285 -0.0127071068 0.124251932 -0.0158282202 -0.01283147 0.124403469 -0.0158282202 -0.01283147 0.124403469 -0.0150353285 -0.0127071068 0.124251932 -0.0158282202 -0.0129238795 0.124576353 -0.0150353285 -0.0127071068 0.124251932 -0.0148837911 -0.01283147 0.124403469 -0.0158282202 -0.0129238795 0.124576353 -0.0158282202 -0.0129238795 0.124576353 -0.0148837911 -0.01283147 0.124403469 -0.0147109041 -0.0129238795 0.124576353 0.0141717792 0.0116999997 0.123959035 0.0141717792 0.0120000001 0.123959035 0.0147458045 0.0120000001 0.124073215 0.0147458045 0.0116999997 0.124073215 0.0147458045 0.0120000001 0.124073215 0.0152324392 0.0120000001 0.124398381 0.0147458045 0.0116999997 0.124073215 0.0152324392 0.0116999997 0.124398381 0.0152324392 0.0120000001 0.124398381 0.0155575983 0.0120000001 0.124885015 0.0152324392 0.0116999997 0.124398381 0.0155575983 0.0116999997 0.124885015 0.0155575983 0.0120000001 0.124885015 0.0156717785 0.0120000001 0.12545903 0.0155575983 0.0116999997 0.124885015 0.0156717785 0.0116999997 0.12545903 0.0136717791 -0.0120000001 0.123959035 0.0141717792 -0.0120000001 0.123959035 0.013652564 -0.0121950908 0.12397825 0.0141717792 -0.0120000001 0.123959035 0.0141717792 -0.0123826833 0.124035157 0.013652564 -0.0121950908 0.12397825 0.013652564 -0.0121950908 0.12397825 0.0141717792 -0.0123826833 0.124035157 0.0135956584 -0.0123826833 0.124035157 0.0135956584 -0.0123826833 0.124035157 0.0141717792 -0.0123826833 0.124035157 0.0135032488 -0.0125555703 0.124127567 0.0141717792 -0.0123826833 0.124035157 0.0141717792 -0.01283147 0.124403469 0.0135032488 -0.0125555703 0.124127567 0.0135032488 -0.0125555703 0.124127567 0.0141717792 -0.01283147 0.124403469 0.0133788856 -0.0127071068 0.124251932 0.0126717789 -0.0130000003 0.124959037 0.0128668696 -0.0129807852 0.124763943 0.0141717792 -0.0130000003 0.124959037 0.0128668696 -0.0129807852 0.124763943 0.0130544621 -0.0129238795 0.124576353 0.0141717792 -0.0130000003 0.124959037 0.0141717792 -0.0130000003 0.124959037 0.0130544621 -0.0129238795 0.124576353 0.0141717792 -0.01283147 0.124403469 0.0130544621 -0.0129238795 0.124576353 0.0132273491 -0.01283147 0.124403469 0.0141717792 -0.01283147 0.124403469 0.0141717792 -0.01283147 0.124403469 0.0132273491 -0.01283147 0.124403469 0.0133788856 -0.0127071068 0.124251932 0.0142980404 -0.0111999996 0.15595904 0.0126717789 -0.0111999996 0.15595904 0.0142980404 -0.0111192986 0.15677841 0.0126717789 -0.0111192986 0.15677841 0.0142980404 -0.0111192986 0.15677841 0.0126717789 -0.0111192986 0.15677841 0.0142980404 -0.0108802943 0.157566309 0.0126717789 -0.0108802943 0.157566309 0.0142980404 -0.0108802943 0.157566309 0.0126717789 -0.0108802943 0.157566309 0.0142980404 -0.0104921721 0.158292428 0.0126717789 -0.0104921721 0.158292428 0.0142980404 -0.0104921721 0.158292428 0.0126717789 -0.0104921721 0.158292428 0.0142980404 -0.00996984821 0.158928886 0.0126717789 -0.00996984821 0.158928886 0.0142980404 -0.00996984821 0.158928886 0.0126717789 -0.00996984821 0.158928886 0.0142980404 -0.0093333954 0.159451202 0.0126717789 -0.0093333954 0.159451202 0.0142980404 -0.0093333954 0.159451202 0.0126717789 -0.0093333954 0.159451202 0.0142980404 -0.0086072702 0.159839332 0.0126717789 -0.0086072702 0.159839332 0.0142980404 -0.0086072702 0.159839332 0.0126717789 -0.0086072702 0.159839332 0.0142980404 -0.00781937968 0.160078332 0.0126717789 -0.00781937968 0.160078332 0.0142980404 -0.00781937968 0.160078332 0.0126717789 -0.00781937968 0.160078332 0.0142980404 -0.00700000022 0.160159037 0.0126717789 -0.00700000022 0.160159037 0.0141717792 0.01283147 0.124403469 0.0141717792 0.0129238795 0.124576353 0.0145095671 0.0129238795 0.124643542 0.0141717792 0.0129238795 0.124576353 0.0141717792 0.0130000003 0.124959037 0.0143631203 0.0130000003 0.124997094 0.0145095671 0.0129238795 0.124643542 0.0143631203 0.0130000003 0.124997094 0.0145253325 0.0130000003 0.125105485 0.0145095671 0.0129238795 0.124643542 0.0147959301 0.0129238795 0.124834888 0.0145253325 0.0130000003 0.125105485 0.0146337189 0.0130000003 0.125267699 0.0147959301 0.0129238795 0.124834888 0.0149872722 0.0129238795 0.125121251 0.0146337189 0.0130000003 0.125267699 0.0146717792 0.0130000003 0.12545903 0.0149872722 0.0129238795 0.125121251 0.0150544625 0.0129238795 0.12545903 0.0141717792 0.0120000001 0.123959035 0.0141717792 0.0125555703 0.124127567 0.0146813104 0.0125555703 0.124228917 0.0141717792 0.0125555703 0.124127567 0.0141717792 0.01283147 0.124403469 0.0146813104 0.0125555703 0.124228917 0.0141717792 0.01283147 0.124403469 0.0145095671 0.0129238795 0.124643542 0.0146813104 0.0125555703 0.124228917 0.0145095671 0.0129238795 0.124643542 0.0147959301 0.0129238795 0.124834888 0.0146813104 0.0125555703 0.124228917 0.0151132699 0.0125555703 0.124517545 0.0147959301 0.0129238795 0.124834888 0.0149872722 0.0129238795 0.125121251 0.0151132699 0.0125555703 0.124517545 0.0154018961 0.0125555703 0.124949507 0.0149872722 0.0129238795 0.125121251 0.0150544625 0.0129238795 0.12545903 0.0154018961 0.0125555703 0.124949507 0.0155032482 0.0125555703 0.12545903 0.0147458045 0.0120000001 0.124073215 0.0146813104 0.0125555703 0.124228917 0.0151132699 0.0125555703 0.124517545 0.0147458045 0.0120000001 0.124073215 0.0152324392 0.0120000001 0.124398381 0.0151132699 0.0125555703 0.124517545 0.0154018961 0.0125555703 0.124949507 0.0152324392 0.0120000001 0.124398381 0.0155575983 0.0120000001 0.124885015 0.0154018961 0.0125555703 0.124949507 0.0155032482 0.0125555703 0.12545903 0.0155575983 0.0120000001 0.124885015 0.0156717785 0.0120000001 0.12545903 -0.0168837905 0.01283147 0.12545903 -0.0167109035 0.0129238795 0.12545903 -0.0166437142 0.0129238795 0.125121251 -0.0167109035 0.0129238795 0.12545903 -0.0163282193 0.0130000003 0.12545903 -0.0162901599 0.0130000003 0.125267699 -0.0166437142 0.0129238795 0.125121251 -0.0162901599 0.0130000003 0.125267699 -0.0161817744 0.0130000003 0.125105485 -0.0166437142 0.0129238795 0.125121251 -0.0164523721 0.0129238795 0.124834888 -0.0161817744 0.0130000003 0.125105485 -0.0160195623 0.0130000003 0.124997094 -0.0164523721 0.0129238795 0.124834888 -0.016166009 0.0129238795 0.124643542 -0.0160195623 0.0130000003 0.124997094 -0.0158282202 0.0130000003 0.124959037 -0.016166009 0.0129238795 0.124643542 -0.0158282202 0.0129238795 0.124576353 -0.0172521006 0.0123826833 0.12545903 -0.0171596892 0.0125555703 0.12545903 -0.0170583371 0.0125555703 0.124949507 -0.0171596892 0.0125555703 0.12545903 -0.0168837905 0.01283147 0.12545903 -0.0170583371 0.0125555703 0.124949507 -0.0168837905 0.01283147 0.12545903 -0.0166437142 0.0129238795 0.125121251 -0.0170583371 0.0125555703 0.124949507 -0.0166437142 0.0129238795 0.125121251 -0.0164523721 0.0129238795 0.124834888 -0.0170583371 0.0125555703 0.124949507 -0.0167697109 0.0125555703 0.124517545 -0.0164523721 0.0129238795 0.124834888 -0.016166009 0.0129238795 0.124643542 -0.0167697109 0.0125555703 0.124517545 -0.0163377523 0.0125555703 0.124228917 -0.016166009 0.0129238795 0.124643542 -0.0158282202 0.0129238795 0.124576353 -0.0163377523 0.0125555703 0.124228917 -0.0158282202 0.0125555703 0.124127567 -0.0172140393 0.0120000001 0.124885015 -0.0173282195 0.0120000001 0.12545903 -0.0172521006 0.0123826833 0.12545903 -0.0172521006 0.0123826833 0.12545903 -0.0170583371 0.0125555703 0.124949507 -0.0172140393 0.0120000001 0.124885015 -0.0170583371 0.0125555703 0.124949507 -0.0167697109 0.0125555703 0.124517545 -0.0172140393 0.0120000001 0.124885015 -0.0168888811 0.0120000001 0.124398381 -0.0167697109 0.0125555703 0.124517545 -0.0163377523 0.0125555703 0.124228917 -0.0168888811 0.0120000001 0.124398381 -0.0164022446 0.0120000001 0.124073215 -0.0163377523 0.0125555703 0.124228917 -0.0158282202 0.0125555703 0.124127567 -0.0164022446 0.0120000001 0.124073215 -0.0158282202 0.0120000001 0.123959035 0.0142980404 0.00700000022 0.160159037 0.0126717789 0.00700000022 0.160159037 0.0142980404 0.00781937968 0.160078332 0.0126717789 0.00781937968 0.160078332 0.0142980404 0.00781937968 0.160078332 0.0126717789 0.00781937968 0.160078332 0.0142980404 0.0086072702 0.159839332 0.0126717789 0.0086072702 0.159839332 0.0142980404 0.0086072702 0.159839332 0.0126717789 0.0086072702 0.159839332 0.0142980404 0.0093333954 0.159451202 0.0126717789 0.0093333954 0.159451202 0.0142980404 0.0093333954 0.159451202 0.0126717789 0.0093333954 0.159451202 0.0142980404 0.00996984821 0.158928886 0.0126717789 0.00996984821 0.158928886 0.0142980404 0.00996984821 0.158928886 0.0126717789 0.00996984821 0.158928886 0.0142980404 0.0104921721 0.158292428 0.0126717789 0.0104921721 0.158292428 0.0142980404 0.0104921721 0.158292428 0.0126717789 0.0104921721 0.158292428 0.0142980404 0.0108802943 0.157566309 0.0126717789 0.0108802943 0.157566309 0.0142980404 0.0108802943 0.157566309 0.0126717789 0.0108802943 0.157566309 0.0142980404 0.0111192986 0.15677841 0.0126717789 0.0111192986 0.15677841 0.0142980404 0.0111192986 0.15677841 0.0126717789 0.0111192986 0.15677841 0.0142980404 0.0111999996 0.15595904 0.0126717789 0.0111999996 0.15595904 -0.0159544814 0.00700000022 0.160159037 -0.0143282218 0.00700000022 0.160159037 -0.0159544814 -0.00700000022 0.160159037 -0.0143282218 -0.00700000022 0.160159037 0.0133788856 0.0127071068 0.124251932 0.0132273491 0.01283147 0.124403469 0.0141717792 0.01283147 0.124403469 0.0141717792 0.01283147 0.124403469 0.0132273491 0.01283147 0.124403469 0.0141717792 0.0129238795 0.124576353 0.0130544621 0.0129238795 0.124576353 0.0141717792 0.0129238795 0.124576353 0.0130544621 0.0129238795 0.124576353 0.0141717792 0.0130000003 0.124959037 0.0130544621 0.0129238795 0.124576353 0.0128668696 0.0129807852 0.124763943 0.0141717792 0.0130000003 0.124959037 0.0141717792 0.0130000003 0.124959037 0.0128668696 0.0129807852 0.124763943 0.0126717789 0.0130000003 0.124959037 0.0141717792 0.0125555703 0.124127567 0.0141717792 0.0120000001 0.123959035 0.0136717791 0.0120000001 0.123959035 0.0136717791 0.0120000001 0.123959035 0.013652564 0.0121950908 0.12397825 0.0141717792 0.0125555703 0.124127567 0.013652564 0.0121950908 0.12397825 0.0135956584 0.0123826833 0.124035157 0.0141717792 0.0125555703 0.124127567 0.0141717792 0.0125555703 0.124127567 0.0135956584 0.0123826833 0.124035157 0.0141717792 0.01283147 0.124403469 0.0135956584 0.0123826833 0.124035157 0.0135032488 0.0125555703 0.124127567 0.0141717792 0.01283147 0.124403469 0.0141717792 0.01283147 0.124403469 0.0135032488 0.0125555703 0.124127567 0.0133788856 0.0127071068 0.124251932 -0.015328222 0.0120000001 0.123959035 -0.0158282202 0.0120000001 0.123959035 -0.0153090069 0.0121950908 0.12397825 -0.0158282202 0.0120000001 0.123959035 -0.0158282202 0.0125555703 0.124127567 -0.0153090069 0.0121950908 0.12397825 -0.0153090069 0.0121950908 0.12397825 -0.0158282202 0.0125555703 0.124127567 -0.0152521012 0.0123826833 0.124035157 -0.0147109041 0.0129238795 0.124576353 -0.0148837911 0.01283147 0.124403469 -0.0158282202 0.0129238795 0.124576353 -0.0148837911 0.01283147 0.124403469 -0.0150353285 0.0127071068 0.124251932 -0.0158282202 0.0129238795 0.124576353 -0.0158282202 0.0129238795 0.124576353 -0.0150353285 0.0127071068 0.124251932 -0.0158282202 0.0125555703 0.124127567 -0.0150353285 0.0127071068 0.124251932 -0.0151596898 0.0125555703 0.124127567 -0.0158282202 0.0125555703 0.124127567 -0.0158282202 0.0125555703 0.124127567 -0.0151596898 0.0125555703 0.124127567 -0.0152521012 0.0123826833 0.124035157 -0.0147109041 0.0129238795 0.124576353 -0.0158282202 0.0129238795 0.124576353 -0.0145233115 0.0129807852 0.124763943 -0.0158282202 0.0129238795 0.124576353 -0.0158282202 0.0130000003 0.124959037 -0.0145233115 0.0129807852 0.124763943 -0.0145233115 0.0129807852 0.124763943 -0.0158282202 0.0130000003 0.124959037 -0.0143282218 0.0130000003 0.124959037 -0.0159544814 -0.00700000022 0.160159037 -0.0143282218 -0.00700000022 0.160159037 -0.0159544814 -0.00781937968 0.160078332 -0.0143282218 -0.00781937968 0.160078332 -0.0159544814 -0.00781937968 0.160078332 -0.0143282218 -0.00781937968 0.160078332 -0.0159544814 -0.0086072702 0.159839332 -0.0143282218 -0.0086072702 0.159839332 -0.0159544814 -0.0086072702 0.159839332 -0.0143282218 -0.0086072702 0.159839332 -0.0159544814 -0.0093333954 0.159451202 -0.0143282218 -0.0093333954 0.159451202 -0.0159544814 -0.0093333954 0.159451202 -0.0143282218 -0.0093333954 0.159451202 -0.0159544814 -0.00996984821 0.158928886 -0.0143282218 -0.00996984821 0.158928886 -0.0159544814 -0.00996984821 0.158928886 -0.0143282218 -0.00996984821 0.158928886 -0.0159544814 -0.0104921721 0.158292428 -0.0143282218 -0.0104921721 0.158292428 -0.0159544814 -0.0104921721 0.158292428 -0.0143282218 -0.0104921721 0.158292428 -0.0159544814 -0.0108802943 0.157566309 -0.0143282218 -0.0108802943 0.157566309 -0.0159544814 -0.0108802943 0.157566309 -0.0143282218 -0.0108802943 0.157566309 -0.0159544814 -0.0111192986 0.15677841 -0.0143282218 -0.0111192986 0.15677841 -0.0159544814 -0.0111192986 0.15677841 -0.0143282218 -0.0111192986 0.15677841 -0.0159544814 -0.0111999996 0.15595904 -0.0143282218 -0.0111999996 0.15595904 -0.015328222 -0.0116999997 0.123959035 -0.015328222 -0.0120000001 0.123959035 -0.0158282202 -0.0116999997 0.123959035 -0.0158282202 -0.0120000001 0.123959035 0.0146717792 -0.0130000003 0.162759036 0.0146717792 -0.0130000003 0.12545903 0.0150544625 -0.0129238795 0.12545903 0.0156717785 -0.0120000001 0.12545903 0.0156717785 -0.0120000001 0.162759036 0.0155956587 -0.0123826833 0.12545903 0.0156717785 -0.0120000001 0.162759036 0.015537804 -0.0125000002 0.162759036 0.0155956587 -0.0123826833 0.12545903 0.0155956587 -0.0123826833 0.12545903 0.015537804 -0.0125000002 0.162759036 0.0155032482 -0.0125555703 0.12545903 0.015537804 -0.0125000002 0.162759036 0.0155032482 -0.0125555703 0.162759036 0.0155032482 -0.0125555703 0.12545903 0.0155032482 -0.0125555703 0.12545903 0.0155032482 -0.0125555703 0.162759036 0.0152273495 -0.01283147 0.12545903 0.0155032482 -0.0125555703 0.162759036 0.0151717793 -0.0128660258 0.162759036 0.0152273495 -0.01283147 0.12545903 0.0152273495 -0.01283147 0.12545903 0.0151717793 -0.0128660258 0.162759036 0.0150544625 -0.0129238795 0.12545903 0.0151717793 -0.0128660258 0.162759036 0.0150544625 -0.0129238795 0.162759036 0.0150544625 -0.0129238795 0.12545903 0.0150544625 -0.0129238795 0.162759036 0.0141717792 -0.0130000003 0.124959037 0.0141717792 -0.01283147 0.124403469 0.0145757282 -0.01283147 0.124483816 0.0141717792 -0.01283147 0.124403469 0.0141717792 -0.0123826833 0.124035157 0.0147166736 -0.0123826833 0.124143541 0.0156717785 -0.0120000001 0.12545903 0.0154872723 -0.0123826833 0.12491414 0.0155575983 -0.0120000001 0.124885015 0.0154872723 -0.0123826833 0.12491414 0.0151786143 -0.0123826833 0.124452204 0.0155575983 -0.0120000001 0.124885015 0.0152324392 -0.0120000001 0.124398381 0.0151786143 -0.0123826833 0.124452204 0.0147166736 -0.0123826833 0.124143541 0.0152324392 -0.0120000001 0.124398381 0.0147458045 -0.0120000001 0.124073215 0.0147166736 -0.0123826833 0.124143541 0.0141717792 -0.0123826833 0.124035157 0.0147458045 -0.0120000001 0.124073215 0.0141717792 -0.0120000001 0.123959035 0.0145757282 -0.01283147 0.124483816 0.0147166736 -0.0123826833 0.124143541 0.0151786143 -0.0123826833 0.124452204 0.0145757282 -0.01283147 0.124483816 0.0149181802 -0.01283147 0.124712639 0.0151786143 -0.0123826833 0.124452204 0.0154872723 -0.0123826833 0.12491414 0.0149181802 -0.01283147 0.124712639 0.0151469987 -0.01283147 0.12505509 0.0155956587 -0.0123826833 0.12545903 0.0155956587 -0.0123826833 0.12545903 0.0155032482 -0.0125555703 0.12545903 0.0154872723 -0.0123826833 0.12491414 0.0154872723 -0.0123826833 0.12491414 0.0155032482 -0.0125555703 0.12545903 0.0151469987 -0.01283147 0.12505509 0.0155032482 -0.0125555703 0.12545903 0.0152273495 -0.01283147 0.12545903 0.0151469987 -0.01283147 0.12505509 0.0151469987 -0.01283147 0.12505509 0.0152273495 -0.01283147 0.12545903 0.0150544625 -0.0129238795 0.12545903 0.0143631203 -0.0130000003 0.124997094 0.0145757282 -0.01283147 0.124483816 0.0149181802 -0.01283147 0.124712639 0.0143631203 -0.0130000003 0.124997094 0.0145253325 -0.0130000003 0.125105485 0.0149181802 -0.01283147 0.124712639 0.0151469987 -0.01283147 0.12505509 0.0145253325 -0.0130000003 0.125105485 0.0146337189 -0.0130000003 0.125267699 0.0151469987 -0.01283147 0.12505509 0.0150544625 -0.0129238795 0.12545903 0.0146337189 -0.0130000003 0.125267699 0.0146337189 -0.0130000003 0.125267699 0.0150544625 -0.0129238795 0.12545903 0.0146717792 -0.0130000003 0.12545903 -0.0159544814 0.0111999996 0.15595904 -0.0143282218 0.0111999996 0.15595904 -0.0159544814 0.0111192986 0.15677841 -0.0143282218 0.0111192986 0.15677841 -0.0159544814 0.0111192986 0.15677841 -0.0143282218 0.0111192986 0.15677841 -0.0159544814 0.0108802943 0.157566309 -0.0143282218 0.0108802943 0.157566309 -0.0159544814 0.0108802943 0.157566309 -0.0143282218 0.0108802943 0.157566309 -0.0159544814 0.0104921721 0.158292428 -0.0143282218 0.0104921721 0.158292428 -0.0159544814 0.0104921721 0.158292428 -0.0143282218 0.0104921721 0.158292428 -0.0159544814 0.00996984821 0.158928886 -0.0143282218 0.00996984821 0.158928886 -0.0159544814 0.00996984821 0.158928886 -0.0143282218 0.00996984821 0.158928886 -0.0159544814 0.0093333954 0.159451202 -0.0143282218 0.0093333954 0.159451202 -0.0159544814 0.0093333954 0.159451202 -0.0143282218 0.0093333954 0.159451202 -0.0159544814 0.0086072702 0.159839332 -0.0143282218 0.0086072702 0.159839332 -0.0159544814 0.0086072702 0.159839332 -0.0143282218 0.0086072702 0.159839332 -0.0159544814 0.00781937968 0.160078332 -0.0143282218 0.00781937968 0.160078332 -0.0159544814 0.00781937968 0.160078332 -0.0143282218 0.00781937968 0.160078332 -0.0159544814 0.00700000022 0.160159037 -0.0143282218 0.00700000022 0.160159037 0.0132273491 -0.01283147 0.124403469 0.0130544621 -0.0129238795 0.124576353 0.0130544621 -0.0129238795 0.12075904 0.0130544621 -0.0129238795 0.12075904 0.0130544621 -0.0129238795 0.124576353 0.0126717789 -0.0130000003 0.12075904 0.0130544621 -0.0129238795 0.124576353 0.0128668696 -0.0129807852 0.124763943 0.0126717789 -0.0130000003 0.12075904 0.0126717789 -0.0130000003 0.12075904 0.0128668696 -0.0129807852 0.124763943 0.0126717789 -0.0130000003 0.124959037 0.0136717791 -0.0120000001 0.12075904 0.0136717791 -0.0120000001 0.123959035 0.0135032488 -0.0125555703 0.12075904 0.0136717791 -0.0120000001 0.123959035 0.013652564 -0.0121950908 0.12397825 0.0135032488 -0.0125555703 0.12075904 0.013652564 -0.0121950908 0.12397825 0.0135956584 -0.0123826833 0.124035157 0.0135032488 -0.0125555703 0.12075904 0.0135956584 -0.0123826833 0.124035157 0.0135032488 -0.0125555703 0.124127567 0.0135032488 -0.0125555703 0.12075904 0.0135032488 -0.0125555703 0.12075904 0.0135032488 -0.0125555703 0.124127567 0.0130544621 -0.0129238795 0.12075904 0.0135032488 -0.0125555703 0.124127567 0.0133788856 -0.0127071068 0.124251932 0.0130544621 -0.0129238795 0.12075904 0.0130544621 -0.0129238795 0.12075904 0.0133788856 -0.0127071068 0.124251932 0.0132273491 -0.01283147 0.124403469 -0.0147787249 -0.0111999996 0.123959035 -0.0143282218 -0.0111999996 0.123959035 -0.0147787249 -0.0111577278 0.123529837 -0.0143282218 -0.0111577278 0.123529837 -0.0147787249 -0.0111577278 0.123529837 -0.0143282218 -0.0111577278 0.123529837 -0.0147787249 -0.0110325348 0.123117134 -0.0143282218 -0.0110325348 0.123117134 -0.0147787249 -0.0110325348 0.123117134 -0.0143282218 -0.0110325348 0.123117134 -0.0147787249 -0.0108292336 0.122736782 -0.0143282218 -0.0108292336 0.122736782 -0.0147787249 -0.0108292336 0.122736782 -0.0143282218 -0.0108292336 0.122736782 -0.0147787249 -0.0105556352 0.122403406 -0.0143282218 -0.0105556352 0.122403406 -0.0147787249 -0.0105556352 0.122403406 -0.0143282218 -0.0105556352 0.122403406 -0.0147787249 -0.0102222543 0.122129805 -0.0143282218 -0.0102222543 0.122129805 -0.0147787249 -0.0102222543 0.122129805 -0.0143282218 -0.0102222543 0.122129805 -0.0147787249 -0.00984190311 0.121926501 -0.0143282218 -0.00984190311 0.121926501 -0.0147787249 -0.00984190311 0.121926501 -0.0143282218 -0.00984190311 0.121926501 -0.0147787249 -0.00942919869 0.121801309 -0.0143282218 -0.00942919869 0.121801309 -0.0147787249 -0.00942919869 0.121801309 -0.0143282218 -0.00942919869 0.121801309 -0.0147787249 -0.00899999961 0.121759035 -0.0143282218 -0.00899999961 0.121759035 0.0156717785 -0.00700000022 0.16065903 0.0142980404 -0.00700000022 0.160159037 0.0156717785 0.00700000022 0.16065903 0.0142980404 0.00700000022 0.160159037 -0.00407822151 -0.00325000007 0.175609037 -0.00407822151 0.00325000007 0.175609037 -0.00407822151 -0.00325000007 0.165759042 -0.00407822151 0.00325000007 0.165759042 -0.0158282202 -0.0111999996 0.125332773 -0.0143282218 -0.0111999996 0.15595904 -0.0147787249 -0.0111999996 0.125332773 -0.0143282218 -0.0111999996 0.123959035 -0.0147787249 -0.0111999996 0.123959035 -0.0158765391 -0.0111999996 0.125342384 -0.0159175005 -0.0111999996 0.125369757 -0.0159544814 -0.0111999996 0.15595904 -0.0159544814 -0.0111999996 0.12545903 -0.0159448702 -0.0111999996 0.125410721 -0.0173282195 -0.0116999997 0.15595904 -0.0159544814 -0.0111999996 0.15595904 -0.0173282195 -0.0116999997 0.12545903 -0.0159544814 -0.0111999996 0.12545903 0.00242177886 0.00325000007 0.175609037 0.00242177886 -0.00325000007 0.175609037 0.00242177886 0.00325000007 0.165759042 0.00242177886 -0.00325000007 0.165759042 -0.0147787249 0.0111999996 0.123959035 -0.0143282218 0.0111999996 0.123959035 -0.0147787249 0.0111999996 0.125332773 -0.0143282218 0.0111999996 0.15595904 -0.0158282202 0.0111999996 0.125332773 -0.0159544814 0.0111999996 0.15595904 -0.0159175005 0.0111999996 0.125369757 -0.0158765391 0.0111999996 0.125342384 -0.0159448702 0.0111999996 0.125410721 -0.0159544814 0.0111999996 0.12545903 0.0136717791 0.0120000001 0.123959035 0.0136717791 0.0120000001 0.12075904 0.013652564 0.0121950908 0.12397825 0.0136717791 0.0120000001 0.12075904 0.0135032488 0.0125555703 0.12075904 0.013652564 0.0121950908 0.12397825 0.013652564 0.0121950908 0.12397825 0.0135032488 0.0125555703 0.12075904 0.0135956584 0.0123826833 0.124035157 0.0130544621 0.0129238795 0.124576353 0.0132273491 0.01283147 0.124403469 0.0130544621 0.0129238795 0.12075904 0.0132273491 0.01283147 0.124403469 0.0133788856 0.0127071068 0.124251932 0.0130544621 0.0129238795 0.12075904 0.0130544621 0.0129238795 0.12075904 0.0133788856 0.0127071068 0.124251932 0.0135032488 0.0125555703 0.12075904 0.0133788856 0.0127071068 0.124251932 0.0135032488 0.0125555703 0.124127567 0.0135032488 0.0125555703 0.12075904 0.0135032488 0.0125555703 0.12075904 0.0135032488 0.0125555703 0.124127567 0.0135956584 0.0123826833 0.124035157 0.0130544621 0.0129238795 0.124576353 0.0130544621 0.0129238795 0.12075904 0.0128668696 0.0129807852 0.124763943 0.0130544621 0.0129238795 0.12075904 0.0126717789 0.0130000003 0.12075904 0.0128668696 0.0129807852 0.124763943 0.0128668696 0.0129807852 0.124763943 0.0126717789 0.0130000003 0.12075904 0.0126717789 0.0130000003 0.124959037 -0.0173282195 0.0116999997 0.12545903 -0.0159544814 0.0111999996 0.12545903 -0.0173282195 0.0116999997 0.15595904 -0.0159544814 0.0111999996 0.15595904 -0.0147787249 0.00899999961 0.121759035 -0.0143282218 0.00899999961 0.121759035 -0.0147787249 0.00942919869 0.121801309 -0.0143282218 0.00942919869 0.121801309 -0.0147787249 0.00942919869 0.121801309 -0.0143282218 0.00942919869 0.121801309 -0.0147787249 0.00984190311 0.121926501 -0.0143282218 0.00984190311 0.121926501 -0.0147787249 0.00984190311 0.121926501 -0.0143282218 0.00984190311 0.121926501 -0.0147787249 0.0102222543 0.122129805 -0.0143282218 0.0102222543 0.122129805 -0.0147787249 0.0102222543 0.122129805 -0.0143282218 0.0102222543 0.122129805 -0.0147787249 0.0105556352 0.122403406 -0.0143282218 0.0105556352 0.122403406 -0.0147787249 0.0105556352 0.122403406 -0.0143282218 0.0105556352 0.122403406 -0.0147787249 0.0108292336 0.122736782 -0.0143282218 0.0108292336 0.122736782 -0.0147787249 0.0108292336 0.122736782 -0.0143282218 0.0108292336 0.122736782 -0.0147787249 0.0110325348 0.123117134 -0.0143282218 0.0110325348 0.123117134 -0.0147787249 0.0110325348 0.123117134 -0.0143282218 0.0110325348 0.123117134 -0.0147787249 0.0111577278 0.123529837 -0.0143282218 0.0111577278 0.123529837 -0.0147787249 0.0111577278 0.123529837 -0.0143282218 0.0111577278 0.123529837 -0.0147787249 0.0111999996 0.123959035 -0.0143282218 0.0111999996 0.123959035 0.0142980404 -0.00700000022 0.160159037 0.0156717785 -0.00700000022 0.16065903 0.0142980404 -0.00781937968 0.160078332 0.0156717785 -0.00791692454 0.160568729 0.0142980404 -0.00781937968 0.160078332 0.0156717785 -0.00791692454 0.160568729 0.0142980404 -0.0086072702 0.159839332 0.0156717785 -0.00879861228 0.160301268 0.0142980404 -0.0086072702 0.159839332 0.0156717785 -0.00879861228 0.160301268 0.0142980404 -0.0093333954 0.159451202 0.0156717785 -0.00961118005 0.159866944 0.0142980404 -0.0093333954 0.159451202 0.0156717785 -0.00961118005 0.159866944 0.0142980404 -0.00996984821 0.158928886 0.0156717785 -0.0103234015 0.159282431 0.0142980404 -0.00996984821 0.158928886 0.0156717785 -0.0103234015 0.159282431 0.0142980404 -0.0104921721 0.158292428 0.0156717785 -0.010907907 0.158570215 0.0142980404 -0.0104921721 0.158292428 0.0156717785 -0.010907907 0.158570215 0.0142980404 -0.0108802943 0.157566309 0.0156717785 -0.011342234 0.157757655 0.0142980404 -0.0108802943 0.157566309 0.0156717785 -0.011342234 0.157757655 0.0142980404 -0.0111192986 0.15677841 0.0156717785 -0.0116096912 0.156875968 0.0142980404 -0.0111192986 0.15677841 0.0156717785 -0.0116096912 0.156875968 0.0142980404 -0.0111999996 0.15595904 0.0156717785 -0.0116999997 0.15595904 -0.0147787249 -0.00899999961 0.121759035 -0.0143282218 -0.00899999961 0.121759035 -0.0147787249 0.00899999961 0.121759035 -0.0143282218 0.00899999961 0.121759035 -0.0143282218 -0.00899999961 0.121759035 -0.0143282218 -0.00700000022 0.160159037 -0.0143282218 0.00899999961 0.121759035 -0.0143282218 0.00700000022 0.160159037 -0.0143282218 -0.00942919869 0.121801309 -0.0143282218 -0.00984190311 0.121926501 -0.0143282218 -0.0111999996 0.123959035 -0.0143282218 -0.0105556352 0.122403406 -0.0143282218 -0.0108292336 0.122736782 -0.0143282218 -0.0110325348 0.123117134 -0.0143282218 0.0111999996 0.15595904 -0.0143282218 0.00781937968 0.160078332 -0.0143282218 -0.0102222543 0.122129805 -0.0143282218 -0.0111577278 0.123529837 -0.0143282218 -0.0086072702 0.159839332 -0.0143282218 -0.0111999996 0.15595904 -0.0143282218 -0.0093333954 0.159451202 -0.0143282218 -0.0111192986 0.15677841 -0.0143282218 -0.0108802943 0.157566309 -0.0143282218 -0.0104921721 0.158292428 -0.0143282218 -0.00996984821 0.158928886 -0.0143282218 -0.00781937968 0.160078332 -0.0143282218 0.0086072702 0.159839332 -0.0143282218 0.0093333954 0.159451202 -0.0143282218 0.00996984821 0.158928886 -0.0143282218 0.0104921721 0.158292428 -0.0143282218 0.0108802943 0.157566309 -0.0143282218 0.0111192986 0.15677841 -0.0143282218 0.0111999996 0.123959035 -0.0143282218 0.0111577278 0.123529837 -0.0143282218 0.0102222543 0.122129805 -0.0143282218 0.00984190311 0.121926501 -0.0143282218 0.0105556352 0.122403406 -0.0143282218 0.0108292336 0.122736782 -0.0143282218 0.0110325348 0.123117134 -0.0143282218 0.00942919869 0.121801309 0.0131222839 -0.00899999961 0.121759035 0.0126717789 -0.00899999961 0.121759035 0.0131222839 -0.00942919869 0.121801309 0.0126717789 -0.00942919869 0.121801309 0.0131222839 -0.00942919869 0.121801309 0.0126717789 -0.00942919869 0.121801309 0.0131222839 -0.00984190311 0.121926501 0.0126717789 -0.00984190311 0.121926501 0.0131222839 -0.00984190311 0.121926501 0.0126717789 -0.00984190311 0.121926501 0.0131222839 -0.0102222543 0.122129805 0.0126717789 -0.0102222543 0.122129805 0.0131222839 -0.0102222543 0.122129805 0.0126717789 -0.0102222543 0.122129805 0.0131222839 -0.0105556352 0.122403406 0.0126717789 -0.0105556352 0.122403406 0.0131222839 -0.0105556352 0.122403406 0.0126717789 -0.0105556352 0.122403406 0.0131222839 -0.0108292336 0.122736782 0.0126717789 -0.0108292336 0.122736782 0.0131222839 -0.0108292336 0.122736782 0.0126717789 -0.0108292336 0.122736782 0.0131222839 -0.0110325348 0.123117134 0.0126717789 -0.0110325348 0.123117134 0.0131222839 -0.0110325348 0.123117134 0.0126717789 -0.0110325348 0.123117134 0.0131222839 -0.0111577278 0.123529837 0.0126717789 -0.0111577278 0.123529837 0.0131222839 -0.0111577278 0.123529837 0.0126717789 -0.0111577278 0.123529837 0.0131222839 -0.0111999996 0.123959035 0.0126717789 -0.0111999996 0.123959035 -0.0158282202 -0.0111999996 0.125332773 -0.0158282202 -0.0116999997 0.123959035 -0.0164022446 -0.0116999997 0.124073215 -0.0158765391 -0.0111999996 0.125342384 -0.0164022446 -0.0116999997 0.124073215 -0.0168888811 -0.0116999997 0.124398381 -0.0158765391 -0.0111999996 0.125342384 -0.0159175005 -0.0111999996 0.125369757 -0.0168888811 -0.0116999997 0.124398381 -0.0172140393 -0.0116999997 0.124885015 -0.0159175005 -0.0111999996 0.125369757 -0.0159448702 -0.0111999996 0.125410721 -0.0172140393 -0.0116999997 0.124885015 -0.0173282195 -0.0116999997 0.12545903 -0.0159448702 -0.0111999996 0.125410721 -0.0159544814 -0.0111999996 0.12545903 0.0131222839 0.00899999961 0.121759035 0.0126717789 0.00899999961 0.121759035 0.0131222839 -0.00899999961 0.121759035 0.0126717789 -0.00899999961 0.121759035 0.0131222839 0.0111999996 0.123959035 0.0126717789 0.0111999996 0.123959035 0.0131222839 0.0111577278 0.123529837 0.0126717789 0.0111577278 0.123529837 0.0131222839 0.0111577278 0.123529837 0.0126717789 0.0111577278 0.123529837 0.0131222839 0.0110325348 0.123117134 0.0126717789 0.0110325348 0.123117134 0.0131222839 0.0110325348 0.123117134 0.0126717789 0.0110325348 0.123117134 0.0131222839 0.0108292336 0.122736782 0.0126717789 0.0108292336 0.122736782 0.0131222839 0.0108292336 0.122736782 0.0126717789 0.0108292336 0.122736782 0.0131222839 0.0105556352 0.122403406 0.0126717789 0.0105556352 0.122403406 0.0131222839 0.0105556352 0.122403406 0.0126717789 0.0105556352 0.122403406 0.0131222839 0.0102222543 0.122129805 0.0126717789 0.0102222543 0.122129805 0.0131222839 0.0102222543 0.122129805 0.0126717789 0.0102222543 0.122129805 0.0131222839 0.00984190311 0.121926501 0.0126717789 0.00984190311 0.121926501 0.0131222839 0.00984190311 0.121926501 0.0126717789 0.00984190311 0.121926501 0.0131222839 0.00942919869 0.121801309 0.0126717789 0.00942919869 0.121801309 0.0131222839 0.00942919869 0.121801309 0.0126717789 0.00942919869 0.121801309 0.0131222839 0.00899999961 0.121759035 0.0126717789 0.00899999961 0.121759035 0.0126717789 0.0086072702 0.159839332 0.0126717789 0.00781937968 0.160078332 0.0126717789 0.00700000022 0.160159037 0.0126717789 -0.0111192986 0.15677841 0.0126717789 -0.0111999996 0.15595904 0.0126717789 -0.0086072702 0.159839332 0.0126717789 0.0105556352 0.122403406 0.0126717789 0.0108292336 0.122736782 0.0126717789 0.0110325348 0.123117134 0.0126717789 0.0111999996 0.123959035 0.0126717789 0.0111999996 0.15595904 0.0126717789 -0.00781937968 0.160078332 0.0126717789 -0.00700000022 0.160159037 0.0126717789 -0.00899999961 0.121759035 0.0126717789 0.00899999961 0.121759035 0.0126717789 0.00942919869 0.121801309 0.0126717789 0.00984190311 0.121926501 0.0126717789 0.0102222543 0.122129805 0.0126717789 0.0111577278 0.123529837 0.0126717789 -0.00996984821 0.158928886 0.0126717789 -0.0104921721 0.158292428 0.0126717789 -0.0108802943 0.157566309 0.0126717789 -0.0111999996 0.123959035 0.0126717789 0.0111192986 0.15677841 0.0126717789 0.0108802943 0.157566309 0.0126717789 0.0104921721 0.158292428 0.0126717789 0.00996984821 0.158928886 0.0126717789 0.0093333954 0.159451202 0.0126717789 -0.0093333954 0.159451202 0.0126717789 -0.0111577278 0.123529837 0.0126717789 -0.0110325348 0.123117134 0.0126717789 -0.0108292336 0.122736782 0.0126717789 -0.0105556352 0.122403406 0.0126717789 -0.0102222543 0.122129805 0.0126717789 -0.00984190311 0.121926501 0.0126717789 -0.00942919869 0.121801309 -0.00407822151 -0.00325000007 0.175609037 0.00242177886 -0.00325000007 0.175609037 -0.00407822151 0.00325000007 0.175609037 0.00242177886 0.00325000007 0.175609037 0.0131222839 -0.0111999996 0.123959035 0.0126717789 -0.0111999996 0.123959035 0.0131222839 -0.0111999996 0.125332773 0.0126717789 -0.0111999996 0.15595904 0.0142980404 -0.0111999996 0.15595904 0.0142980404 -0.0111999996 0.12545903 0.0141717792 -0.0111999996 0.125332773 0.0142884292 -0.0111999996 0.125410721 0.0142610595 -0.0111999996 0.125369757 0.0142200971 -0.0111999996 0.125342384 -0.0159544814 -0.0111999996 0.15595904 -0.0173282195 -0.0116999997 0.15595904 -0.0159544814 -0.0111192986 0.15677841 -0.0173282195 -0.0116096912 0.156875968 -0.0159544814 -0.0111192986 0.15677841 -0.0173282195 -0.0116096912 0.156875968 -0.0159544814 -0.0108802943 0.157566309 -0.0173282195 -0.011342234 0.157757655 -0.0159544814 -0.0108802943 0.157566309 -0.0173282195 -0.011342234 0.157757655 -0.0159544814 -0.0104921721 0.158292428 -0.0173282195 -0.010907907 0.158570215 -0.0159544814 -0.0104921721 0.158292428 -0.0173282195 -0.010907907 0.158570215 -0.0159544814 -0.00996984821 0.158928886 -0.0173282195 -0.0103234015 0.159282431 -0.0159544814 -0.00996984821 0.158928886 -0.0173282195 -0.0103234015 0.159282431 -0.0159544814 -0.0093333954 0.159451202 -0.0173282195 -0.00961118005 0.159866944 -0.0159544814 -0.0093333954 0.159451202 -0.0173282195 -0.00961118005 0.159866944 -0.0159544814 -0.0086072702 0.159839332 -0.0173282195 -0.00879861228 0.160301268 -0.0159544814 -0.0086072702 0.159839332 -0.0173282195 -0.00879861228 0.160301268 -0.0159544814 -0.00781937968 0.160078332 -0.0173282195 -0.00791692454 0.160568729 -0.0159544814 -0.00781937968 0.160078332 -0.0173282195 -0.00791692454 0.160568729 -0.0159544814 -0.00700000022 0.160159037 -0.0173282195 -0.00700000022 0.16065903 0.00242177886 -0.00325000007 0.175609037 -0.00407822151 -0.00325000007 0.175609037 0.00242177886 -0.00325000007 0.165759042 -0.00407822151 -0.00325000007 0.165759042 0.0141717792 0.0111999996 0.125332773 0.0126717789 0.0111999996 0.15595904 0.0131222839 0.0111999996 0.125332773 0.0126717789 0.0111999996 0.123959035 0.0131222839 0.0111999996 0.123959035 0.0142200971 0.0111999996 0.125342384 0.0142610595 0.0111999996 0.125369757 0.0142980404 0.0111999996 0.15595904 0.0142980404 0.0111999996 0.12545903 0.0142884292 0.0111999996 0.125410721 -0.0159544814 0.00700000022 0.160159037 -0.0173282195 0.00700000022 0.16065903 -0.0159544814 0.00781937968 0.160078332 -0.0173282195 0.00791692454 0.160568729 -0.0159544814 0.00781937968 0.160078332 -0.0173282195 0.00791692454 0.160568729 -0.0159544814 0.0086072702 0.159839332 -0.0173282195 0.00879861228 0.160301268 -0.0159544814 0.0086072702 0.159839332 -0.0173282195 0.00879861228 0.160301268 -0.0159544814 0.0093333954 0.159451202 -0.0173282195 0.00961118005 0.159866944 -0.0159544814 0.0093333954 0.159451202 -0.0173282195 0.00961118005 0.159866944 -0.0159544814 0.00996984821 0.158928886 -0.0173282195 0.0103234015 0.159282431 -0.0159544814 0.00996984821 0.158928886 -0.0173282195 0.0103234015 0.159282431 -0.0159544814 0.0104921721 0.158292428 -0.0173282195 0.010907907 0.158570215 -0.0159544814 0.0104921721 0.158292428 -0.0173282195 0.010907907 0.158570215 -0.0159544814 0.0108802943 0.157566309 -0.0173282195 0.011342234 0.157757655 -0.0159544814 0.0108802943 0.157566309 -0.0173282195 0.011342234 0.157757655 -0.0159544814 0.0111192986 0.15677841 -0.0173282195 0.0116096912 0.156875968 -0.0159544814 0.0111192986 0.15677841 -0.0173282195 0.0116096912 0.156875968 -0.0159544814 0.0111999996 0.15595904 -0.0173282195 0.0116999997 0.15595904 -0.015328222 -0.0116999997 0.123959035 -0.0158282202 -0.0116999997 0.123959035 -0.015328222 -0.0114000002 0.124783278 -0.0158282202 -0.0111999996 0.125332773 -0.0147787249 -0.0111999996 0.125332773 -0.0173282195 0.00700000022 0.16065903 -0.0159544814 0.00700000022 0.160159037 -0.0173282195 -0.00700000022 0.16065903 -0.0159544814 -0.00700000022 0.160159037 -0.0159544814 0.0111999996 0.12545903 -0.0173282195 0.0116999997 0.12545903 -0.0172140393 0.0116999997 0.124885015 -0.0159448702 0.0111999996 0.125410721 -0.0172140393 0.0116999997 0.124885015 -0.0168888811 0.0116999997 0.124398381 -0.0159448702 0.0111999996 0.125410721 -0.0159175005 0.0111999996 0.125369757 -0.0168888811 0.0116999997 0.124398381 -0.0164022446 0.0116999997 0.124073215 -0.0159175005 0.0111999996 0.125369757 -0.0158765391 0.0111999996 0.125342384 -0.0164022446 0.0116999997 0.124073215 -0.0158282202 0.0116999997 0.123959035 -0.0158765391 0.0111999996 0.125342384 -0.0158282202 0.0111999996 0.125332773 -0.0158282202 0.0116999997 0.123959035 -0.015328222 0.0116999997 0.123959035 -0.0158282202 0.0111999996 0.125332773 -0.015328222 0.0114000002 0.124783278 -0.0147787249 0.0111999996 0.125332773 0.0136717791 0.0116999997 0.123959035 0.0141717792 0.0116999997 0.123959035 0.0136717791 0.0114000002 0.124783278 0.0141717792 0.0111999996 0.125332773 0.0131222839 0.0111999996 0.125332773 0.0142980404 0.0111999996 0.15595904 0.0156717785 0.0116999997 0.15595904 0.0142980404 0.0111192986 0.15677841 0.0156717785 0.0116096912 0.156875968 0.0142980404 0.0111192986 0.15677841 0.0156717785 0.0116096912 0.156875968 0.0142980404 0.0108802943 0.157566309 0.0156717785 0.011342234 0.157757655 0.0142980404 0.0108802943 0.157566309 0.0156717785 0.011342234 0.157757655 0.0142980404 0.0104921721 0.158292428 0.0156717785 0.010907907 0.158570215 0.0142980404 0.0104921721 0.158292428 0.0156717785 0.010907907 0.158570215 0.0142980404 0.00996984821 0.158928886 0.0156717785 0.0103234015 0.159282431 0.0142980404 0.00996984821 0.158928886 0.0156717785 0.0103234015 0.159282431 0.0142980404 0.0093333954 0.159451202 0.0156717785 0.00961118005 0.159866944 0.0142980404 0.0093333954 0.159451202 0.0156717785 0.00961118005 0.159866944 0.0142980404 0.0086072702 0.159839332 0.0156717785 0.00879861228 0.160301268 0.0142980404 0.0086072702 0.159839332 0.0156717785 0.00879861228 0.160301268 0.0142980404 0.00781937968 0.160078332 0.0156717785 0.00791692454 0.160568729 0.0142980404 0.00781937968 0.160078332 0.0156717785 0.00791692454 0.160568729 0.0142980404 0.00700000022 0.160159037 0.0156717785 0.00700000022 0.16065903 0.0141717792 0.0111999996 0.125332773 0.0141717792 0.0116999997 0.123959035 0.0147458045 0.0116999997 0.124073215 0.0142200971 0.0111999996 0.125342384 0.0147458045 0.0116999997 0.124073215 0.0152324392 0.0116999997 0.124398381 0.0142200971 0.0111999996 0.125342384 0.0142610595 0.0111999996 0.125369757 0.0152324392 0.0116999997 0.124398381 0.0155575983 0.0116999997 0.124885015 0.0142610595 0.0111999996 0.125369757 0.0142884292 0.0111999996 0.125410721 0.0155575983 0.0116999997 0.124885015 0.0156717785 0.0116999997 0.12545903 0.0142884292 0.0111999996 0.125410721 0.0142980404 0.0111999996 0.12545903 0.0156717785 0.0116999997 0.15595904 0.0142980404 0.0111999996 0.15595904 0.0156717785 0.0116999997 0.12545903 0.0142980404 0.0111999996 0.12545903 0.00244677905 0.00327500002 0.165759042 0.00244677905 0.00327500002 0.176159039 -0.004103221 0.00327500002 0.165759042 -0.004103221 0.00327500002 0.176159039 0.00244677905 -0.00327500002 0.176159039 0.00244677905 0.00327500002 0.176159039 0.00244677905 -0.00327500002 0.165759042 0.00244677905 0.00327500002 0.165759042 -0.004103221 -0.00327500002 0.176159039 0.00244677905 -0.00327500002 0.176159039 -0.004103221 -0.00327500002 0.165759042 0.00244677905 -0.00327500002 0.165759042 -0.004103221 0.00327500002 0.165759042 -0.004103221 0.00327500002 0.176159039 -0.004103221 -0.00327500002 0.165759042 -0.004103221 -0.00327500002 0.176159039 0.00244677905 -0.00327500002 0.176159039 -0.004103221 -0.00327500002 0.176159039 0.00244677905 0.00327500002 0.176159039 -0.004103221 0.00327500002 0.176159039 -0.00316648954 0.00405000011 0.190159038 -0.00316648954 0.00405000011 0.179059044 0.00151004759 0.00405000011 0.190159038 0.00151004759 0.00405000011 0.179059044 0.00151004759 0.00405000011 0.190159038 0.00151004759 0.00405000011 0.179059044 0.00384831615 4.15900984e-19 0.190159038 0.00384831615 4.79406172e-19 0.179059044 0.00384831615 4.15900984e-19 0.190159038 0.00384831615 4.79406172e-19 0.179059044 0.00151004759 -0.00405000011 0.190159038 0.00151004759 -0.00405000011 0.179059044 0.00151004759 -0.00405000011 0.190159038 0.00151004759 -0.00405000011 0.179059044 -0.00316648954 -0.00405000011 0.190159038 -0.00316648954 -0.00405000011 0.179059044 -0.00659422111 0.000627090281 0.165759042 -0.0066282209 -1.230699e-17 0.165759042 -0.0066282209 -1.3870038e-17 0.190659031 -0.0066282209 -1.3870038e-17 0.190659031 -0.0066282209 -1.230699e-17 0.165759042 -0.00659422111 -0.000627090281 0.190659031 -0.00659422111 -0.000627090281 0.165759042 -0.00659422111 -0.000627090281 0.165759042 -0.00632460928 -0.00185194891 0.165759042 -0.00659422111 -0.000627090281 0.190659031 -0.00632460928 -0.00185194891 0.190659031 -0.00632460928 -0.00185194891 0.165759042 -0.00579799246 -0.00299021229 0.165759042 -0.00632460928 -0.00185194891 0.190659031 -0.00579799246 -0.00299021229 0.190659031 -0.00579799246 -0.00299021229 0.165759042 -0.00503899483 -0.00398865668 0.165759042 -0.00579799246 -0.00299021229 0.190659031 -0.00503899483 -0.00398865668 0.190659031 -0.00503899483 -0.00398865668 0.165759042 -0.00408310583 -0.00480059627 0.165759042 -0.00503899483 -0.00398865668 0.190659031 -0.00408310583 -0.00480059627 0.190659031 -0.00408310583 -0.00480059627 0.165759042 -0.00297502219 -0.00538806478 0.165759042 -0.00408310583 -0.00480059627 0.190659031 -0.00297502219 -0.00538806478 0.190659031 -0.00297502219 -0.00538806478 0.165759042 -0.00176655652 -0.00572359376 0.165759042 -0.00297502219 -0.00538806478 0.190659031 -0.00176655652 -0.00572359376 0.190659031 -0.00176655652 -0.00572359376 0.165759042 -0.000514215266 -0.00579149369 0.165759042 -0.00176655652 -0.00572359376 0.190659031 -0.000514215266 -0.00579149369 0.190659031 -0.000514215266 -0.00579149369 0.165759042 0.000723443402 -0.00558859017 0.165759042 -0.000514215266 -0.00579149369 0.190659031 0.000723443402 -0.00558859017 0.190659031 0.000723443402 -0.00558859017 0.165759042 0.00188854802 -0.00512436964 0.165759042 0.000723443402 -0.00558859017 0.190659031 0.00188854802 -0.00512436964 0.190659031 0.00188854802 -0.00512436964 0.165759042 0.00292661949 -0.00442053983 0.165759042 0.00188854802 -0.00512436964 0.190659031 0.00292661949 -0.00442053983 0.190659031 0.00292661949 -0.00442053983 0.165759042 0.00378911896 -0.00351001043 0.165759042 0.00292661949 -0.00442053983 0.190659031 0.00378911896 -0.00351001043 0.190659031 0.00378911896 -0.00351001043 0.165759042 0.00443571666 -0.00243535684 0.165759042 0.00378911896 -0.00351001043 0.190659031 0.00443571666 -0.00243535684 0.190659031 0.00443571666 -0.00243535684 0.165759042 0.00483617838 -0.00124682859 0.165759042 0.00443571666 -0.00243535684 0.190659031 0.00483617838 -0.00124682859 0.190659031 0.00483617838 -0.00124682859 0.165759042 0.00497177895 4.47730945e-18 0.165759042 0.00483617838 -0.00124682859 0.190659031 0.00497177895 4.33485158e-18 0.190659031 0.00497177895 4.47730945e-18 0.165759042 0.00483617838 0.00124682859 0.165759042 0.00497177895 4.33485158e-18 0.190659031 0.00483617838 0.00124682859 0.190659031 0.00483617838 0.00124682859 0.165759042 0.00443571666 0.00243535684 0.165759042 0.00483617838 0.00124682859 0.190659031 0.00443571666 0.00243535684 0.190659031 0.00443571666 0.00243535684 0.165759042 0.00378911896 0.00351001043 0.165759042 0.00443571666 0.00243535684 0.190659031 0.00378911896 0.00351001043 0.190659031 0.00378911896 0.00351001043 0.165759042 0.00292661949 0.00442053983 0.165759042 0.00378911896 0.00351001043 0.190659031 0.00292661949 0.00442053983 0.190659031 0.00292661949 0.00442053983 0.165759042 0.00188854802 0.00512436964 0.165759042 0.00292661949 0.00442053983 0.190659031 0.00188854802 0.00512436964 0.190659031 0.00188854802 0.00512436964 0.165759042 0.000723443402 0.00558859017 0.165759042 0.00188854802 0.00512436964 0.190659031 0.000723443402 0.00558859017 0.190659031 0.000723443402 0.00558859017 0.165759042 -0.000514215266 0.00579149369 0.165759042 0.000723443402 0.00558859017 0.190659031 -0.000514215266 0.00579149369 0.190659031 -0.000514215266 0.00579149369 0.165759042 -0.00176655652 0.00572359376 0.165759042 -0.000514215266 0.00579149369 0.190659031 -0.00176655652 0.00572359376 0.190659031 -0.00176655652 0.00572359376 0.165759042 -0.00297502219 0.00538806478 0.165759042 -0.00176655652 0.00572359376 0.190659031 -0.00297502219 0.00538806478 0.190659031 -0.00297502219 0.00538806478 0.165759042 -0.00408310583 0.00480059627 0.165759042 -0.00297502219 0.00538806478 0.190659031 -0.00408310583 0.00480059627 0.190659031 -0.00408310583 0.00480059627 0.165759042 -0.00503899483 0.00398865668 0.165759042 -0.00408310583 0.00480059627 0.190659031 -0.00503899483 0.00398865668 0.190659031 -0.00503899483 0.00398865668 0.165759042 -0.00579799246 0.00299021229 0.165759042 -0.00503899483 0.00398865668 0.190659031 -0.00579799246 0.00299021229 0.190659031 -0.00579799246 0.00299021229 0.165759042 -0.00632460928 0.00185194891 0.165759042 -0.00579799246 0.00299021229 0.190659031 -0.00632460928 0.00185194891 0.190659031 -0.00632460928 0.00185194891 0.165759042 -0.00659422111 0.000627090281 0.165759042 -0.00632460928 0.00185194891 0.190659031 -0.00659422111 0.000627090281 0.190659031 -0.00659422111 0.000627090281 0.190659031 -0.00297502219 -0.00538806478 0.190659031 -0.00176655652 -0.00572359376 0.190659031 -0.00345516461 -0.00455000019 0.190659031 0.00442566629 1.33311995e-18 0.190659031 0.00179872266 -0.00455000019 0.190659031 0.00292661949 -0.00442053983 0.190659031 0.00378911896 -0.00351001043 0.190659031 0.00443571666 -0.00243535684 0.190659031 0.00483617838 -0.00124682859 0.190659031 -0.000514215266 -0.00579149369 0.190659031 0.000723443402 -0.00558859017 0.190659031 0.00188854802 -0.00512436964 0.190659031 -0.00608210824 -9.56744063e-18 0.190659031 -0.0066282209 -1.3870038e-17 0.190659031 -0.00659422111 -0.000627090281 0.190659031 0.00378911896 0.00351001043 0.190659031 0.00292661949 0.00442053983 0.190659031 0.00179872266 0.00455000019 0.190659031 0.00188854802 0.00512436964 0.190659031 -0.00345516461 0.00455000019 0.190659031 0.000723443402 0.00558859017 0.190659031 -0.000514215266 0.00579149369 0.190659031 -0.00176655652 0.00572359376 0.190659031 -0.00297502219 0.00538806478 0.190659031 -0.00408310583 0.00480059627 0.190659031 0.00497177895 4.33485158e-18 0.190659031 0.00483617838 0.00124682859 0.190659031 0.00443571666 0.00243535684 0.190659031 -0.00632460928 -0.00185194891 0.190659031 -0.00579799246 -0.00299021229 0.190659031 -0.00632460928 0.00185194891 0.190659031 -0.00659422111 0.000627090281 0.190659031 -0.00503899483 -0.00398865668 0.190659031 -0.00408310583 -0.00480059627 0.190659031 -0.00503899483 0.00398865668 0.190659031 -0.00579799246 0.00299021229 0.190659031 -0.0055047581 -7.02914758e-18 0.190159038 -0.0055047581 -6.96564244e-18 0.179059044 -0.00316648954 0.00405000011 0.190159038 -0.00316648954 0.00405000011 0.179059044 -0.00316648954 -0.00405000011 0.190159038 -0.00316648954 -0.00405000011 0.179059044 -0.0055047581 -7.02914758e-18 0.190159038 -0.0055047581 -6.96564244e-18 0.179059044 -0.00345516461 0.00455000019 0.190659031 -0.00316648954 0.00405000011 0.190159038 0.00179872266 0.00455000019 0.190659031 0.00151004759 0.00405000011 0.190159038 -0.00608210824 -9.56744063e-18 0.190659031 -0.0055047581 -7.02914758e-18 0.190159038 -0.00345516461 0.00455000019 0.190659031 -0.00316648954 0.00405000011 0.190159038 0.00384831615 4.15900984e-19 0.190159038 0.00442566629 1.33311995e-18 0.190659031 0.00151004759 0.00405000011 0.190159038 0.00179872266 0.00455000019 0.190659031 0.00151004759 0.00405000011 0.179059044 -0.00316648954 0.00405000011 0.179059044 0.00384831615 4.79406172e-19 0.179059044 -0.0055047581 -6.96564244e-18 0.179059044 0.00151004759 -0.00405000011 0.179059044 -0.00316648954 -0.00405000011 0.179059044 -0.00345516461 -0.00455000019 0.190659031 -0.00316648954 -0.00405000011 0.190159038 -0.00608210824 -9.56744063e-18 0.190659031 -0.0055047581 -7.02914758e-18 0.190159038 0.00151004759 -0.00405000011 0.190159038 0.00179872266 -0.00455000019 0.190659031 0.00384831615 4.15900984e-19 0.190159038 0.00442566629 1.33311995e-18 0.190659031 0.00179872266 -0.00455000019 0.190659031 0.00151004759 -0.00405000011 0.190159038 -0.00345516461 -0.00455000019 0.190659031 -0.00316648954 -0.00405000011 0.190159038 -0.00632460928 -0.00185194891 0.165759042 -0.00659422111 -0.000627090281 0.165759042 -0.004103221 0.00327500002 0.165759042 -0.0066282209 -1.230699e-17 0.165759042 -0.00659422111 0.000627090281 0.165759042 -0.00632460928 0.00185194891 0.165759042 -0.00408310583 0.00480059627 0.165759042 -0.00297502219 0.00538806478 0.165759042 -0.00176655652 0.00572359376 0.165759042 -0.00579799246 0.00299021229 0.165759042 -0.00503899483 0.00398865668 0.165759042 0.00378911896 -0.00351001043 0.165759042 0.00292661949 -0.00442053983 0.165759042 0.00244677905 -0.00327500002 0.165759042 0.00188854802 -0.00512436964 0.165759042 -0.004103221 -0.00327500002 0.165759042 0.00483617838 0.00124682859 0.165759042 0.00497177895 4.47730945e-18 0.165759042 -0.000514215266 0.00579149369 0.165759042 0.000723443402 0.00558859017 0.165759042 0.00244677905 0.00327500002 0.165759042 0.00188854802 0.00512436964 0.165759042 -0.00579799246 -0.00299021229 0.165759042 -0.00503899483 -0.00398865668 0.165759042 0.000723443402 -0.00558859017 0.165759042 -0.000514215266 -0.00579149369 0.165759042 -0.00176655652 -0.00572359376 0.165759042 0.00292661949 0.00442053983 0.165759042 0.00378911896 0.00351001043 0.165759042 0.00443571666 0.00243535684 0.165759042 -0.00297502219 -0.00538806478 0.165759042 -0.00408310583 -0.00480059627 0.165759042 0.00483617838 -0.00124682859 0.165759042 0.00443571666 -0.00243535684 0.165759042 </float_array>
          <technique_common>
            <accessor count="3036" offset="0" source="#meshesQ0S-positions-array" stride="3">
              <param name="X" type="float" />
              <param name="Y" type="float" />
              <param name="Z" type="float" />
            </accessor>
          </technique_common>
        </source>
        <source id="meshesQ0S-normals" name="meshesQ0S-normals">
          <float_array id="meshesQ0S-normals-array" count="9108"> 0.342021048 -0.939692318 0 0.342021048 -0.939692318 0 0.342021048 -0.939692318 0 0.342021048 -0.939692318 -0 0.342021048 0.939692318 -0 0.342021048 0.939692318 -0 0.342021048 0.939692318 -0 0.342021048 0.939692318 -4.31895853e-16 -0.342020154 0.939692616 1.43964907e-15 -0.342020154 0.939692616 1.43964907e-15 -0.342020154 0.939692616 1.43964907e-15 -0.342020154 0.939692616 8.63789429e-16 -0.340563774 0.0921577364 0.935693979 -0.340563774 0.0921577364 0.935693979 -0.340563774 0.0921577364 0.935693979 -0.340563744 0.0921577737 0.935694039 -0.340563655 0.272932142 0.899735749 -0.340563655 0.272932142 0.899735749 -0.340563655 0.272932142 0.899735749 -0.340563923 0.272931755 0.899735808 -0.340564013 0.443217039 0.829201281 -0.340564013 0.443217039 0.829201281 -0.340564013 0.443217039 0.829201281 -0.340563893 0.443217218 0.829201281 -0.340563983 0.596469581 0.726801336 -0.340563983 0.596469581 0.726801336 -0.340563983 0.596469581 0.726801336 -0.340563744 0.596469879 0.726801217 -0.340563744 0.726800859 0.596470296 -0.340563744 0.726800859 0.596470296 -0.340563744 0.726800859 0.596470296 -0.340562999 0.726801753 0.5964697 -0.34056282 0.829202116 0.443216383 -0.34056282 0.829202116 0.443216383 -0.34056282 0.829202116 0.443216383 -0.340564221 0.829200804 0.443217844 -0.340564311 0.899735391 0.272932649 -0.340564311 0.899735391 0.272932649 -0.340564311 0.899735391 0.272932649 -0.340563685 0.899735808 0.272931904 -0.340563685 0.935694158 0.0921565294 -0.340563685 0.935694158 0.0921565294 -0.340563685 0.935694158 0.0921565294 -0.340564668 0.935693681 0.0921578556 -0.340564698 -0.9356938 0.0921564922 -0.340564698 -0.9356938 0.0921564922 -0.340564698 -0.9356938 0.0921564922 -0.340563715 -0.935694039 0.0921578854 -0.340563655 -0.89973557 0.272932708 -0.340563655 -0.89973557 0.272932708 -0.340563655 -0.89973557 0.272932708 -0.340564281 -0.89973563 0.272931844 -0.340564281 -0.829201698 0.443216145 -0.340564281 -0.829201698 0.443216145 -0.340564281 -0.829201698 0.443216145 -0.34056288 -0.829201221 0.443218082 -0.340562969 -0.726801097 0.596470475 -0.340562969 -0.726801097 0.596470475 -0.340562969 -0.726801097 0.596470475 -0.340563715 -0.726801515 0.596469522 -0.340563744 -0.596469641 0.726801395 -0.340563744 -0.596469641 0.726801395 -0.340563744 -0.596469641 0.726801395 -0.340563953 -0.59646982 0.726801157 -0.340563893 -0.443217069 0.829201341 -0.340563893 -0.443217069 0.829201341 -0.340563893 -0.443217069 0.829201341 -0.340564013 -0.443217188 0.829201221 -0.340563923 -0.272932112 0.899735689 -0.340563923 -0.272932112 0.899735689 -0.340563923 -0.272932112 0.899735689 -0.340563655 -0.272931755 0.899735868 -0.340563744 -0.0921577364 0.935694039 -0.340563744 -0.0921577364 0.935694039 -0.340563744 -0.0921577364 0.935694039 -0.340563774 -0.0921577662 0.935693979 -0.342020154 -0.939692616 1.43964907e-15 -0.342020154 -0.939692616 1.43964907e-15 -0.342020154 -0.939692616 1.43964907e-15 -0.342020154 -0.939692616 8.63789429e-16 0.341231436 0.937525511 -0.0678752139 0.341231436 0.937525511 -0.0678752139 0.341231436 0.937525511 -0.0678752139 0.341231316 0.937525511 -0.0678754747 0.289282054 0.937525511 -0.193292022 0.289282054 0.937525511 -0.193292022 0.289282054 0.937525511 -0.193292022 0.289282352 0.937525451 -0.193291739 0.193292066 0.937525511 -0.289282054 0.193292066 0.937525511 -0.289282054 0.193292066 0.937525511 -0.289282054 0.193291649 0.937525511 -0.289282233 0.0678751096 0.937525511 -0.341231436 0.0678751096 0.937525511 -0.341231436 0.0678751096 0.937525511 -0.341231436 0.067876488 0.937525392 -0.341231436 0.342020184 0.939692616 -9.74603124e-17 0.342020184 0.939692616 -9.74603124e-17 0.342020184 0.939692616 -9.74603124e-17 0.342020184 0.939692616 -5.85547127e-17 -0.289801329 -0.955349267 -0.0576452687 -0.289801329 -0.955349267 -0.0576452687 -0.289801329 -0.955349267 -0.0576452687 -0.764030874 -0.62702471 -0.151976496 -0.764030874 -0.62702471 -0.151976496 -0.764030874 -0.62702471 -0.151976496 -0.191480562 -0.191480219 -0.962637246 -0.191480562 -0.191480219 -0.962637246 -0.191480562 -0.191480219 -0.962637246 -0.54529047 -0.191480115 -0.816084325 -0.54529047 -0.191480115 -0.816084325 -0.54529047 -0.191480115 -0.816084325 -0.545288861 -0.191482499 -0.816084862 -0.816083431 -0.191483542 -0.545290709 -0.816083431 -0.191483542 -0.545290709 -0.816083431 -0.191483542 -0.545290709 -0.8160851 -0.191480488 -0.545289278 -0.962636948 -0.191480383 -0.191482037 -0.962636948 -0.191480383 -0.191482037 -0.962636948 -0.191480383 -0.191482037 -0.96263814 -0.191476673 -0.191479653 -0.76403141 -0.627024174 -0.151975825 -0.647714317 -0.627024055 -0.432789803 -0.647714317 -0.627024055 -0.432789803 -0.647714317 -0.627024055 -0.432789803 -0.647715747 -0.627023101 -0.432789028 -0.432789654 -0.627023399 -0.647715032 -0.432789654 -0.627023399 -0.647715032 -0.432789654 -0.627023399 -0.647715032 -0.432789862 -0.62702328 -0.647715032 -0.191480294 -0.191480592 -0.962637246 -0.172786474 -0.464305669 -0.868657053 -0.172786474 -0.464305669 -0.868657053 -0.172786474 -0.464305669 -0.868657053 -0.222418264 -0.632436931 -0.74199301 -0.222418264 -0.632436931 -0.74199301 -0.222418264 -0.632436931 -0.74199301 -0.139281228 -0.700214207 -0.700214803 -0.139281228 -0.700214207 -0.700214803 -0.139281228 -0.700214207 -0.700214803 -0.0933567509 -0.878070414 -0.469336629 -0.0933567509 -0.878070414 -0.469336629 -0.0933567509 -0.878070414 -0.469336629 -0.289802343 -0.955349028 -0.0576440059 -0.245682269 -0.955349088 -0.164159343 -0.245682269 -0.955349088 -0.164159343 -0.245682269 -0.955349088 -0.164159343 -0.245683178 -0.955348969 -0.164158821 -0.16415976 -0.955349088 -0.24568215 -0.16415976 -0.955349088 -0.24568215 -0.16415976 -0.955349088 -0.24568215 -0.164159119 -0.955349147 -0.245682225 -0.162092432 -0.955471158 -0.246578336 -0.162092432 -0.955471158 -0.246578336 -0.162092432 -0.955471158 -0.246578336 -0.0387766287 -0.980047524 -0.194944203 -0.0387766287 -0.980047524 -0.194944203 -0.0387766287 -0.980047524 -0.194944203 -0.9951846 -0.0980186313 -0 -0.9951846 -0.0980186313 -0 -0.9951846 -0.0980186313 -0 -0.980767667 -0.195087567 -0.00596861821 -0.980767667 -0.195087567 -0.00596861821 -0.980767667 -0.195087567 -0.00596861821 -0.956940234 -0.290285081 1.01492938e-15 -0.956940234 -0.290285081 1.01492938e-15 -0.956940234 -0.290285081 1.01492938e-15 -0.881918311 -0.471402258 9.33960974e-16 -0.881918311 -0.471402258 9.33960974e-16 -0.881918311 -0.471402258 9.33960974e-16 -0.772960246 -0.634352863 -0.011352432 -0.772960246 -0.634352863 -0.011352432 -0.772960246 -0.634352863 -0.011352432 -0.768695533 -0.63952738 -0.0105793094 -0.768695533 -0.63952738 -0.0105793094 -0.768695533 -0.63952738 -0.0105793094 -0.0980190933 -0.995184541 8.09695338e-17 -0.0980190933 -0.995184541 8.09695338e-17 -0.0980190933 -0.995184541 8.09695338e-17 -0.281902045 -0.95939976 -0.00912911445 -0.281902045 -0.95939976 -0.00912911445 -0.281902045 -0.95939976 -0.00912911445 -0.290270358 -0.956892252 -0.0100180348 -0.290270358 -0.956892252 -0.0100180348 -0.290270358 -0.956892252 -0.0100180348 -0.471394867 -0.881922245 4.49231759e-16 -0.471394867 -0.881922245 4.49231759e-16 -0.471394867 -0.881922245 4.49231759e-16 -0.63439244 -0.773011148 6.03932903e-16 -0.63439244 -0.773011148 6.03932903e-16 -0.63439244 -0.773011148 6.03932903e-16 -0 0 1 -0 0 1 -0 0 1 1.02798428e-15 -2.550924e-15 1 2.70786099e-15 -0 1 2.70786099e-15 2.34869508e-31 1 -2.74349003e-31 4.11193711e-15 1 2.05596856e-15 -9.89910782e-16 1 -1 0 0 -1 0 0 -1 0 0 -1 -0 -0 -1 0 4.2092523e-15 -1 0 0 -1 0 0 -1 0 0 -1 0 -0 -1 0 -0 -1 0 -0 -1 0 -0 -1 0 -0 -1 -0 -0 -1 0 0 -1 0 4.2092523e-15 -1 0 4.2092523e-15 -1 0 4.2092523e-15 -1 -0 -0 -1 -0 -0 -1 -0 -0 -1 0 -0 -1 0 -0 -1 0 -0 -1 0 -0 -1 0 -0 0.340565592 0.935693443 0.0921564624 0.340565592 0.935693443 0.0921564624 0.340565592 0.935693443 0.0921564624 0.340564609 0.935693681 0.0921578556 0.340564549 0.899735272 0.272932619 0.340564549 0.899735272 0.272932619 0.340564549 0.899735272 0.272932619 0.340565175 0.899735332 0.272931725 0.340565175 0.8292014 0.443215996 0.340565175 0.8292014 0.443215996 0.340565175 0.8292014 0.443215996 0.340563774 0.829200923 0.443217933 0.340563864 0.726800859 0.596470296 0.340563864 0.726800859 0.596470296 0.340563864 0.726800859 0.596470296 0.340564609 0.726801276 0.596469283 0.340564638 0.596469462 0.726801157 0.340564638 0.596469462 0.726801157 0.340564638 0.596469462 0.726801157 0.340564847 0.596469641 0.726800919 0.340564787 0.44321692 0.829201043 0.340564787 0.44321692 0.829201043 0.340564787 0.44321692 0.829201043 0.340564907 0.443217039 0.829200923 0.340564817 0.272931993 0.899735391 0.340564817 0.272931993 0.899735391 0.340564817 0.272931993 0.899735391 0.340564549 0.272931665 0.89973557 0.340564638 0.0921577066 0.935693681 0.340564638 0.0921577066 0.935693681 0.340564638 0.0921577066 0.935693681 0.340564668 0.0921577364 0.935693681 0.0960403159 8.33017034e-18 0.995377421 0.0960403159 8.33017034e-18 0.995377421 0.0960403159 8.33017034e-18 0.995377421 0.0960403159 -0 0.995377421 0.193051323 0 0.981188655 0.193051323 0 0.981188655 0.193051323 0 0.981188655 0.193051323 1.61157928e-17 0.981188655 0.266528726 2.22496365e-17 0.963826954 0.266528726 2.22496365e-17 0.963826954 0.266528726 2.22496365e-17 0.963826954 0.266528726 -0 0.963826954 0.359591872 0 0.933109701 0.359591872 0 0.933109701 0.359591872 0 0.933109701 0.359591872 2.89084569e-17 0.933109701 0.426241666 3.43437714e-17 0.904609323 0.426241666 3.43437714e-17 0.904609323 0.426241666 3.43437714e-17 0.904609323 0.426241666 -0 0.904609323 0.512849391 0 0.858478606 0.512849391 0 0.858478606 0.512849391 0 0.858478606 0.512849391 3.95149572e-17 0.858478606 0.570351422 4.45248394e-17 0.821400821 0.570351422 4.45248394e-17 0.821400821 0.570351422 4.45248394e-17 0.821400821 0.570351422 4.41834984e-17 0.821400821 0.635637105 4.9356408e-17 0.771987975 0.635637105 4.9356408e-17 0.771987975 0.635637105 4.9356408e-17 0.771987975 0.695786834 -0.00136689132 0.718247056 0.695786834 -0.00136689132 0.718247056 0.695786834 -0.00136689132 0.718247056 0.635773003 0.000342045678 0.771876037 0.635773003 0.000342045678 0.771876037 0.635773003 0.000342045678 0.771876037 0.695316911 -0 0.71870327 0.695316911 -0 0.71870327 0.695316911 -0 0.71870327 0.736481607 0 0.676457584 0.736481607 0 0.676457584 0.736481607 0 0.676457584 0.736481607 5.60164329e-17 0.676457584 0.799032509 6.0111685e-17 0.601287782 0.799032509 6.0111685e-17 0.601287782 0.799032509 6.0111685e-17 0.601287782 0.799032509 6.00713384e-17 0.601287782 0.855877399 6.36564318e-17 0.517178714 0.855877399 6.36564318e-17 0.517178714 0.855877399 6.36564318e-17 0.517178714 0.855877399 -0 0.517178714 0.902518988 0 0.430650026 0.902518988 0 0.430650026 0.902518988 0 0.430650026 0.967016578 -2.25952921e-16 0.254713446 0.967016578 -2.25952921e-16 0.254713446 0.967016578 -2.25952921e-16 0.254713446 0.937335491 -3.38033909e-16 0.34842822 0.937335491 -3.38033909e-16 0.34842822 0.937335491 -3.38033909e-16 0.34842822 0.937335491 6.84816675e-17 0.34842822 0.902518988 6.60749623e-17 0.430650026 0.996979117 -0 0.0776699111 0.996979117 -0 0.0776699111 0.996979117 -0 0.0776699111 0.996979117 -0 0.0776699111 0.984543622 -0 0.175139382 0.984543622 -0 0.175139382 0.984543622 -0 0.175139382 0.984543622 -0 0.175139382 0.967016578 -0 0.254713446 0.342020154 -7.2449195e-16 0.939692616 0.342020154 -7.2449195e-16 0.939692616 0.342020154 -7.2449195e-16 0.939692616 0.342020154 0 0.939692616 -0.0758824348 -1.3837775e-15 0.997116745 -0.0758824348 -1.3837775e-15 0.997116745 -0.0758824348 -1.3837775e-15 0.997116745 -0.0957450196 0.000447046565 0.995405793 -0.0957450196 0.000447046565 0.995405793 -0.0957450196 0.000447046565 0.995405793 -0.173155904 -1.11363524e-05 0.984894454 -0.173155904 -1.11363524e-05 0.984894454 -0.173155904 -1.11363524e-05 0.984894454 -0.338853359 -2.53198237e-07 0.940839171 -0.338853359 -2.53198237e-07 0.940839171 -0.338853359 -2.53198237e-07 0.940839171 -0.245071337 2.94528254e-05 0.969505072 -0.245071337 2.94528254e-05 0.969505072 -0.245071337 2.94528254e-05 0.969505072 -0.264416009 0.000334221637 0.964408636 -0.264416009 0.000334221637 0.964408636 -0.264416009 0.000334221637 0.964408636 -0.359762579 -0.000293212302 0.933043838 -0.359762579 -0.000293212302 0.933043838 -0.359762579 -0.000293212302 0.933043838 -0.483457565 0.000187872487 0.875367761 -0.483457565 0.000187872487 0.875367761 -0.483457565 0.000187872487 0.875367761 -0.403767288 1.26469246e-07 0.914861739 -0.403767288 1.26469246e-07 0.914861739 -0.403767288 1.26469246e-07 0.914861739 -0.426153809 0.000158474475 0.904650688 -0.426153809 0.000158474475 0.904650688 -0.426153809 0.000158474475 0.904650688 -0.513100684 -0.000511950348 0.858328283 -0.513100684 -0.000511950348 0.858328283 -0.513100684 -0.000511950348 0.858328283 -0.635893345 -0.000640761456 0.771776676 -0.635893345 -0.000640761456 0.771776676 -0.635893345 -0.000640761456 0.771776676 -0.681659281 0.000822219474 0.731669247 -0.681659281 0.000822219474 0.731669247 -0.681659281 0.000822219474 0.731669247 -0.570561826 -0.000466904137 0.821254492 -0.570561826 -0.000466904137 0.821254492 -0.570561826 -0.000466904137 0.821254492 -0.597832441 7.92836261e-07 0.801621079 -0.597832441 7.92836261e-07 0.801621079 -0.597832441 7.92836261e-07 0.801621079 -0.547662437 -2.34563203e-07 0.836699367 -0.547662437 -2.34563203e-07 0.836699367 -0.547662437 -2.34563203e-07 0.836699367 -0.695338249 -7.57667949e-05 0.718682647 -0.695338249 -7.57667949e-05 0.718682647 -0.695338249 -7.57667949e-05 0.718682647 -0.736455083 8.97938662e-05 0.676486433 -0.736455083 8.97938662e-05 0.676486433 -0.736455083 8.97938662e-05 0.676486433 -0.779367208 -0.000460148673 0.626567245 -0.779367208 -0.000460148673 0.626567245 -0.779367208 -0.000460148673 0.626567245 -0.967039287 -0.000531851721 0.254626662 -0.967039287 -0.000531851721 0.254626662 -0.967039287 -0.000531851721 0.254626662 -0.928536892 0.000231288315 0.371240109 -0.928536892 0.000231288315 0.371240109 -0.928536892 0.000231288315 0.371240109 -0.937334716 1.17902982e-06 0.348430306 -0.937334716 1.17902982e-06 0.348430306 -0.937334716 1.17902982e-06 0.348430306 -0.890318453 -2.61526702e-06 0.455338418 -0.890318453 -2.61526702e-06 0.455338418 -0.890318453 -2.61526702e-06 0.455338418 -0.902587652 -0.000563647132 0.430505723 -0.902587652 -0.000563647132 0.430505723 -0.902587652 -0.000563647132 0.430505723 -0.841386318 0.000326506852 0.540434062 -0.841386318 0.000326506852 0.540434062 -0.841386318 0.000326506852 0.540434062 -0.855878174 1.87103421e-06 0.517177463 -0.855878174 1.87103421e-06 0.517177463 -0.855878174 1.87103421e-06 0.517177463 -0.799032748 -2.30215142e-06 0.601287544 -0.799032748 -2.30215142e-06 0.601287544 -0.799032748 -2.30215142e-06 0.601287544 -0.996979237 0 0.077668421 -0.996979237 0 0.077668421 -0.996979237 0 0.077668421 -0.999755085 0.00108091079 0.0221051276 -0.999755085 0.00108091079 0.0221051276 -0.999755085 0.00108091079 0.0221051276 -0.984565675 -0.00105676206 0.175012305 -0.984565675 -0.00105676206 0.175012305 -0.984565675 -0.00105676206 0.175012305 -0.992481172 -4.33147543e-05 0.122397631 -0.992481172 -4.33147543e-05 0.122397631 -0.992481172 -4.33147543e-05 0.122397631 -0.95982182 4.85123164e-05 0.280610085 -0.95982182 4.85123164e-05 0.280610085 -0.95982182 4.85123164e-05 0.280610085 -0.34201926 0 0.939692914 -0.34201926 0 0.939692914 -0.34201926 0 0.939692914 -0.34201926 -7.24492214e-16 0.939692914 5.59588214e-17 -1 -1.8602932e-16 5.59588214e-17 -1 -1.8602932e-16 5.59588214e-17 -1 -1.8602932e-16 6.42490174e-17 -1 -5.30734641e-32 6.42490174e-17 -1 -5.30734641e-32 6.42490174e-17 -1 -5.30734641e-32 6.42490174e-17 -1 -5.30734641e-32 0 -1 0 -4.6507373e-17 -1 -1.8602932e-16 0 -1 0 0 -1 0 -0 -1 -0 0 -1 0 0 -1 0 0 -1 0 0 -1 0 0.340564668 -0.0921577066 0.935693681 0.340564668 -0.0921577066 0.935693681 0.340564668 -0.0921577066 0.935693681 0.340564638 -0.0921577364 0.935693681 0.340564549 -0.272932023 0.899735451 0.340564549 -0.272932023 0.899735451 0.340564549 -0.272932023 0.899735451 0.340564817 -0.272931635 0.899735451 0.340564907 -0.44321689 0.829201043 0.340564907 -0.44321689 0.829201043 0.340564907 -0.44321689 0.829201043 0.340564787 -0.443217069 0.829200983 0.340564877 -0.596469402 0.726801097 0.340564877 -0.596469402 0.726801097 0.340564877 -0.596469402 0.726801097 0.340564638 -0.5964697 0.726800978 0.340564638 -0.726800621 0.596470118 0.340564638 -0.726800621 0.596470118 0.340564638 -0.726800621 0.596470118 0.340563893 -0.726801455 0.596469462 0.340563715 -0.829201877 0.443216234 0.340563715 -0.829201877 0.443216234 0.340563715 -0.829201877 0.443216234 0.340565115 -0.829200506 0.443217695 0.340565205 -0.899735034 0.272932559 0.340565205 -0.899735034 0.272932559 0.340565205 -0.899735034 0.272932559 0.340564579 -0.89973551 0.272931814 0.340564579 -0.93569386 0.0921564996 0.340564579 -0.93569386 0.0921564996 0.340564579 -0.93569386 0.0921564996 0.340565562 -0.935693324 0.0921578184 -0 1 2.29460775e-16 -0 1 2.29460775e-16 -0 1 2.29460775e-16 -5.59588214e-17 1 1.84308811e-16 -1.86029413e-16 1 1.8602932e-16 0 1 0 -0 1 -0 0 1 0 0 1 0 0 1 0 0 1 0 -6.42490174e-17 1 5.30734641e-32 -6.42490174e-17 1 5.30734641e-32 -6.42490174e-17 1 5.30734641e-32 1.86029664e-16 1 1.8602932e-16 0 1 0 1.02970524e-15 -0.0960403159 0.995377421 1.02970524e-15 -0.0960403159 0.995377421 1.02970524e-15 -0.0960403159 0.995377421 0.000419892691 -0.0761607364 0.997095466 0.000419892691 -0.0761607364 0.997095466 0.000419892691 -0.0761607364 0.997095466 -8.31806119e-06 -0.173155323 0.984894514 -8.31806119e-06 -0.173155323 0.984894514 -8.31806119e-06 -0.173155323 0.984894514 3.03696743e-05 -0.264603883 0.964357197 3.03696743e-05 -0.264603883 0.964357197 3.03696743e-05 -0.264603883 0.964357197 0.000344371452 -0.245269373 0.969454885 0.000344371452 -0.245269373 0.969454885 0.000344371452 -0.245269373 0.969454885 -0.000220376169 -0.35972032 0.933060169 -0.000220376169 -0.35972032 0.933060169 -0.000220376169 -0.35972032 0.933060169 -1.91073966e-07 -0.338853389 0.940839171 -1.91073966e-07 -0.338853389 0.940839171 -1.91073966e-07 -0.338853389 0.940839171 1.96605896e-07 -0.426241398 0.904609442 1.96605896e-07 -0.426241398 0.904609442 1.96605896e-07 -0.426241398 0.904609442 0.000245872943 -0.403904408 0.91480118 0.000245872943 -0.403904408 0.91480118 0.000245872943 -0.403904408 0.91480118 -0.000387081731 -0.513039351 0.858364999 -0.000387081731 -0.513039351 0.858364999 -0.000387081731 -0.513039351 0.858364999 -1.22672901e-07 -0.69531697 0.71870321 -1.22672901e-07 -0.69531697 0.71870321 -1.22672901e-07 -0.69531697 0.71870321 -0.00026249871 -0.635740817 0.771902561 -0.00026249871 -0.635740817 0.771902561 -0.00026249871 -0.635740817 0.771902561 0.000552732963 -0.673720598 0.738985956 0.000552732963 -0.673720598 0.738985956 0.000552732963 -0.673720598 0.738985956 -0.000356296543 -0.570512116 0.821289122 -0.000356296543 -0.570512116 0.821289122 -0.000356296543 -0.570512116 0.821289122 -9.90765911e-05 -0.590268135 0.807207227 -9.90765911e-05 -0.590268135 0.807207227 -9.90765911e-05 -0.590268135 0.807207227 0.000142867371 -0.483435571 0.87537992 0.000142867371 -0.483435571 0.87537992 0.000142867371 -0.483435571 0.87537992 3.14865559e-07 -0.736482382 0.67645669 3.14865559e-07 -0.736482382 0.67645669 3.14865559e-07 -0.736482382 0.67645669 0.000272475329 -0.714569628 0.699564278 0.000272475329 -0.714569628 0.699564278 0.000272475329 -0.714569628 0.699564278 -0.000558694883 -0.799166679 0.601109207 -0.000558694883 -0.799166679 0.601109207 -0.000558694883 -0.799166679 0.601109207 -2.75083676e-06 -0.779486954 0.626418412 -2.75083676e-06 -0.779486954 0.626418412 -2.75083676e-06 -0.779486954 0.626418412 1.46532648e-06 -0.855876803 0.517179787 1.46532648e-06 -0.855876803 0.517179787 1.46532648e-06 -0.855876803 0.517179787 0.000251556397 -0.84137553 0.540450871 0.000251556397 -0.84137553 0.540450871 0.000251556397 -0.84137553 0.540450871 -0.000433957175 -0.90257287 0.430536926 -0.000433957175 -0.90257287 0.430536926 -0.000433957175 -0.90257287 0.430536926 -1.99187662e-06 -0.890317738 0.455339789 -1.99187662e-06 -0.890317738 0.455339789 -1.99187662e-06 -0.890317738 0.455339789 9.38591768e-07 -0.937334716 0.348430246 9.38591768e-07 -0.937334716 0.348430246 9.38591768e-07 -0.937334716 0.348430246 0.000178589195 -0.928540528 0.371231049 0.000178589195 -0.928540528 0.371231049 0.000178589195 -0.928540528 0.371231049 -0.00041078424 -0.967034757 0.254644185 -0.00041078424 -0.967034757 0.254644185 -0.00041078424 -0.967034757 0.254644185 3.75605814e-05 -0.959820747 0.28061378 3.75605814e-05 -0.959820747 0.28061378 3.75605814e-05 -0.959820747 0.28061378 -3.34803844e-05 -0.99248147 0.122394882 -3.34803844e-05 -0.99248147 0.122394882 -3.34803844e-05 -0.99248147 0.122394882 -0.000818345812 -0.984559715 0.175047085 -0.000818345812 -0.984559715 0.175047085 -0.000818345812 -0.984559715 0.175047085 0.000836409221 -0.999754906 0.0221227724 0.000836409221 -0.999754906 0.0221227724 0.000836409221 -0.999754906 0.0221227724 1.25509332e-16 -0.996979117 0.0776704103 1.25509332e-16 -0.996979117 0.0776704103 1.25509332e-16 -0.996979117 0.0776704103 -1 -3.06934088e-16 1.01182543e-15 -1 -3.06934088e-16 1.01182543e-15 -1 -3.06934088e-16 1.01182543e-15 -1 4.15465087e-15 8.37131926e-16 -1 4.15465087e-15 8.37131926e-16 -1 4.15465087e-15 8.37131926e-16 -1 -0 7.96266451e-16 -1 0 7.96266451e-16 -1 0 7.96266451e-16 -1 0 7.96266451e-16 -1 -4.44827505e-16 8.32211141e-16 -1 -5.86764287e-16 7.1497384e-16 -1 -7.65919378e-16 6.28575897e-16 -1 7.15543957e-15 7.04744012e-16 -1 -7.4536282e-15 1.67397343e-15 -1 1.04154242e-15 5.56716534e-16 -1 7.65919378e-16 6.28575897e-16 -1 5.86764287e-16 7.1497384e-16 -1 4.44827505e-16 8.32211141e-16 -1 -1.04154242e-15 5.56716534e-16 -1 7.4536282e-15 1.67397343e-15 -1 3.06934088e-16 1.01182543e-15 -1 1.3180869e-16 1.33828612e-15 -1 -0 1.65211606e-15 -1.01192199e-15 5.78241176e-16 -1 -1.01192199e-15 5.78241176e-16 -1 -1.01192199e-15 5.78241176e-16 -1 0 0 -1 0 0 -1 -0 0 -1 -0 0 -1 -0 0 -1 -0 0 -1 -0 0 -1 0 -0 -1 0 -0 -1 0 -0 -1 0 0 -1 0 0 -1 0 0 -1 0.19509019 0 -0.98078531 0.19509019 0 -0.98078531 0.19509019 0 -0.98078531 0.19509019 0 -0.98078531 0.555570185 -0 -0.831469655 0.555570185 -0 -0.831469655 0.555570185 -0 -0.831469655 0.555570185 0 -0.831469655 0.831469715 -0 -0.555570126 0.831469715 -0 -0.555570126 0.831469715 -0 -0.555570126 0.831469715 0 -0.555570126 0.980785251 -0 -0.195090503 0.980785251 -0 -0.195090503 0.980785251 -0 -0.195090503 0.980785251 0 -0.195090503 0.922082722 -0.258242935 0.288225621 0.922082722 -0.258242935 0.288225621 0.922082722 -0.258242935 0.288225621 0.309197247 -0.0837946162 0.947299063 0.309197247 -0.0837946162 0.947299063 0.309197247 -0.0837946162 0.947299063 0.108480744 0.0188716482 0.993919432 0.108480744 0.0188716482 0.993919432 0.108480744 0.0188716482 0.993919432 0.241170943 -0.0160368849 0.970350146 0.241170943 -0.0160368849 0.970350146 0.241170943 -0.0160368849 0.970350146 0.206873685 -0.09365049 0.973875165 0.206873685 -0.09365049 0.973875165 0.206873685 -0.09365049 0.973875165 0.167365402 -0.0396810658 0.985096037 0.167365402 -0.0396810658 0.985096037 0.167365402 -0.0396810658 0.985096037 -0.0188720115 -0.108480975 0.993919373 -0.0188720115 -0.108480975 0.993919373 -0.0188720115 -0.108480975 0.993919373 0.0839261189 -0.211269498 0.973818064 0.0839261189 -0.211269498 0.973818064 0.0839261189 -0.211269498 0.973818064 0.0160368513 -0.241171107 0.970350087 0.0160368513 -0.241171107 0.970350087 0.0160368513 -0.241171107 0.970350087 0.0837944597 -0.309197575 0.947298944 0.0837944597 -0.309197575 0.947298944 0.0837944597 -0.309197575 0.947298944 0.102237843 -0.310336798 0.945112944 0.102237843 -0.310336798 0.945112944 0.102237843 -0.310336798 0.945112944 0.0703972727 -0.386393875 0.919643402 0.0703972727 -0.386393875 0.919643402 0.0703972727 -0.386393875 0.919643402 0.115937755 -0.431639969 0.894564331 0.115937755 -0.431639969 0.894564331 0.115937755 -0.431639969 0.894564331 0.100484483 -0.460029989 0.882199109 0.100484483 -0.460029989 0.882199109 0.100484483 -0.460029989 0.882199109 0.314190745 -0.186614543 0.93083787 0.314190745 -0.186614543 0.93083787 0.314190745 -0.186614543 0.93083787 0.357621104 -0.0421895832 0.932913303 0.357621104 -0.0421895832 0.932913303 0.357621104 -0.0421895832 0.932913303 0.443984121 -0.12863405 0.886753261 0.443984121 -0.12863405 0.886753261 0.443984121 -0.12863405 0.886753261 0.445949048 -0.0963225067 0.889860332 0.445949048 -0.0963225067 0.889860332 0.445949048 -0.0963225067 0.889860332 0.513033092 -0.116246328 0.850460947 0.513033092 -0.116246328 0.850460947 0.513033092 -0.116246328 0.850460947 0.535161316 -0.138771012 0.833273649 0.535161316 -0.138771012 0.833273649 0.535161316 -0.138771012 0.833273649 0.583573699 -0.117103644 0.803572297 0.583573699 -0.117103644 0.803572297 0.583573699 -0.117103644 0.803572297 0.116245367 -0.51303345 0.850460887 0.116245367 -0.51303345 0.850460887 0.116245367 -0.51303345 0.850460887 0.164165601 -0.559483945 0.812420726 0.164165601 -0.559483945 0.812420726 0.164165601 -0.559483945 0.812420726 0.0966583043 -0.562363267 0.821221471 0.0966583043 -0.562363267 0.821221471 0.0966583043 -0.562363267 0.821221471 0.162015244 -0.628213346 0.760985613 0.162015244 -0.628213346 0.760985613 0.162015244 -0.628213346 0.760985613 0.160463557 -0.627459288 0.76193589 0.160463557 -0.627459288 0.76193589 0.160463557 -0.627459288 0.76193589 0.153480858 -0.679147422 0.717776 0.153480858 -0.679147422 0.717776 0.153480858 -0.679147422 0.717776 0.207357898 -0.730905235 0.650215507 0.207357898 -0.730905235 0.650215507 0.207357898 -0.730905235 0.650215507 0.209919885 -0.727732599 0.652946353 0.209919885 -0.727732599 0.652946353 0.209919885 -0.727732599 0.652946353 0.0492345393 -0.0492344946 0.997573018 0.0492345393 -0.0492344946 0.997573018 0.0492345393 -0.0492344946 0.997573018 0.13763231 -0.137632191 0.980874479 0.13763231 -0.137632191 0.980874479 0.13763231 -0.137632191 0.980874479 0.137632191 -0.137632266 0.980874479 0.215021804 -0.215021908 0.952644348 0.215021804 -0.215021908 0.952644348 0.215021804 -0.215021908 0.952644348 0.215021446 -0.215022072 0.952644348 0.290094376 -0.29009524 0.911970377 0.290094376 -0.29009524 0.911970377 0.290094376 -0.29009524 0.911970377 0.290095389 -0.290094882 0.911970198 0.361584306 -0.36158368 0.859368384 0.361584306 -0.36158368 0.859368384 0.361584306 -0.36158368 0.859368384 0.361583948 -0.361583769 0.859368503 0.428304017 -0.428303778 0.795683086 0.428304017 -0.428303778 0.795683086 0.428304017 -0.428303778 0.795683086 0.428303033 -0.428303957 0.795683503 0.514344156 -0.514345288 0.686220825 0.514344156 -0.514345288 0.686220825 0.514344156 -0.514345288 0.686220825 0.514344156 -0.514345288 0.686220825 0.845575809 -0.236376539 0.478672802 0.845575809 -0.236376539 0.478672802 0.845575809 -0.236376539 0.478672802 0.80368638 -0.19232139 0.563116968 0.80368638 -0.19232139 0.563116968 0.80368638 -0.19232139 0.563116968 0.729804277 -0.209505931 0.650763392 0.729804277 -0.209505931 0.650763392 0.729804277 -0.209505931 0.650763392 0.729523122 -0.205840915 0.652246475 0.729523122 -0.205840915 0.652246475 0.729523122 -0.205840915 0.652246475 0.648444533 -0.123843476 0.751120806 0.648444533 -0.123843476 0.751120806 0.648444533 -0.123843476 0.751120806 0.651472807 -0.212285772 0.728366613 0.651472807 -0.212285772 0.728366613 0.651472807 -0.212285772 0.728366613 0.628213227 -0.162014499 0.760985851 0.628213227 -0.162014499 0.760985851 0.628213227 -0.162014499 0.760985851 0.239656389 -0.844383657 0.479146123 0.239656389 -0.844383657 0.479146123 0.239656389 -0.844383657 0.479146123 0.893245995 -0.226708457 0.388220191 0.893245995 -0.226708457 0.388220191 0.893245995 -0.226708457 0.388220191 0.845875263 -0.239328608 0.476672649 0.845875263 -0.239328608 0.476672649 0.845875263 -0.239328608 0.476672649 0.606891751 -0.60689342 0.513188839 0.606891751 -0.60689342 0.513188839 0.606891751 -0.60689342 0.513188839 0.60689199 -0.606893301 0.51318866 0.237545118 -0.846590757 0.476294488 0.237545118 -0.846590757 0.476294488 0.237545118 -0.846590757 0.476294488 0.192322418 -0.803685546 0.563117802 0.192322418 -0.803685546 0.563117802 0.192322418 -0.803685546 0.563117802 0.947630107 -0.25037536 0.198265851 0.947630107 -0.25037536 0.198265851 0.947630107 -0.25037536 0.198265851 0.922096074 -0.256548911 0.289692044 0.922096074 -0.256548911 0.289692044 0.922096074 -0.256548911 0.289692044 0.670582771 -0.670584083 0.317231357 0.670582771 -0.670584083 0.317231357 0.670582771 -0.670584083 0.317231357 0.670582473 -0.670584261 0.317231685 0.257762253 -0.921704769 0.289860308 0.257762253 -0.921704769 0.289860308 0.257762253 -0.921704769 0.289860308 0.226709679 -0.893244565 0.388222724 0.226709679 -0.893244565 0.388222724 0.226709679 -0.893244565 0.388222724 0.194364443 -0.977132916 0.0862189233 0.194364443 -0.977132916 0.0862189233 0.194364443 -0.977132916 0.0862189233 0.258564085 -0.955152392 0.144321054 0.258564085 -0.955152392 0.144321054 0.258564085 -0.955152392 0.144321054 0.250376105 -0.947629631 0.198267192 0.250376105 -0.947629631 0.198267192 0.250376105 -0.947629631 0.198267192 0.256458133 -0.922633886 0.28805548 0.256458133 -0.922633886 0.28805548 0.256458133 -0.922633886 0.28805548 0.962148845 -0.257807195 0.088346228 0.962148845 -0.257807195 0.088346228 0.962148845 -0.257807195 0.088346228 0.959336162 -0.26504004 0.0970976055 0.959336162 -0.26504004 0.0970976055 0.959336162 -0.26504004 0.0970976055 0.844399571 -0.525082171 0.106198102 0.844399571 -0.525082171 0.106198102 0.844399571 -0.525082171 0.106198102 0.700603545 -0.700604916 0.135304853 0.700603545 -0.700604916 0.135304853 0.700603545 -0.700604916 0.135304853 0.679631889 -0.725634873 0.107491806 0.679631889 -0.725634873 0.107491806 0.679631889 -0.725634873 0.107491806 0.43988651 -0.892007649 0.104030102 0.43988651 -0.892007649 0.104030102 0.43988651 -0.892007649 0.104030102 5.82693976e-16 0.736482501 0.676456571 5.82693976e-16 0.736482501 0.676456571 5.82693976e-16 0.736482501 0.676456571 5.09103012e-16 0.799032211 0.601288259 5.09103012e-16 0.799032211 0.601288259 5.09103012e-16 0.799032211 0.601288259 5.04287471e-16 0.799032211 0.601288259 4.24415652e-16 0.855877042 0.51717937 4.24415652e-16 0.855877042 0.51717937 4.24415652e-16 0.855877042 0.51717937 4.22110267e-16 0.855877042 0.51717937 3.40390698e-16 0.902519286 0.43064943 3.40390698e-16 0.902519286 0.43064943 3.40390698e-16 0.902519286 0.43064943 3.37869028e-16 0.902519286 0.43064943 2.62093514e-16 0.937334776 0.348430037 2.62093514e-16 0.937334776 0.348430037 2.62093514e-16 0.937334776 0.348430037 -5.26853203e-17 0.937334776 0.348430037 -5.44666041e-17 0.967017055 0.254711658 -5.44666041e-17 0.967017055 0.254711658 -5.44666041e-17 0.967017055 0.254711658 1.7389724e-16 0.967017055 0.254711658 1.01970703e-16 0.984543324 0.175141215 1.01970703e-16 0.984543324 0.175141215 1.01970703e-16 0.984543324 0.175141215 1.01872461e-16 0.984543324 0.175141215 1.37731801e-17 0.996979117 0.0776704103 1.37731801e-17 0.996979117 0.0776704103 1.37731801e-17 0.996979117 0.0776704103 1.37418969e-17 0.996979117 0.0776704103 -0.000261785462 0.635740519 0.7719028 -0.000261785462 0.635740519 0.7719028 -0.000261785462 0.635740519 0.7719028 6.28525023e-16 0.695316911 0.71870327 6.28525023e-16 0.695316911 0.71870327 6.28525023e-16 0.695316911 0.71870327 5.86630614e-16 0.736482501 0.676456571 2.04029421e-15 0.0960403159 0.995377421 2.04029421e-15 0.0960403159 0.995377421 2.04029421e-15 0.0960403159 0.995377421 1.98407198e-15 0.0960403159 0.995377421 1.9496674e-15 0.193046674 0.981189549 1.9496674e-15 0.193046674 0.981189549 1.9496674e-15 0.193046674 0.981189549 1.9485796e-15 0.193046674 0.981189549 1.90929654e-15 0.266528875 0.963826954 1.90929654e-15 0.266528875 0.963826954 1.90929654e-15 0.266528875 0.963826954 1.87090732e-15 0.266528875 0.963826954 1.80533002e-15 0.359592408 0.933109462 1.80533002e-15 0.359592408 0.933109462 1.80533002e-15 0.359592408 0.933109462 1.79378941e-15 0.359592408 0.933109462 1.73420964e-15 0.426241517 0.904609382 1.73420964e-15 0.426241517 0.904609382 1.73420964e-15 0.426241517 0.904609382 1.71386063e-15 0.426241517 0.904609382 1.61951143e-15 0.512849212 0.858478725 1.61951143e-15 0.512849212 0.858478725 1.61951143e-15 0.512849212 0.858478725 7.84281676e-16 0.512849212 0.858478725 7.46339259e-16 0.570351899 0.821400464 7.46339259e-16 0.570351899 0.821400464 7.46339259e-16 0.570351899 0.821400464 7.43496404e-16 0.570351899 0.821400464 6.92701903e-16 0.635636508 0.771988451 6.92701903e-16 0.635636508 0.771988451 6.92701903e-16 0.635636508 0.771988451 0.00104095181 0.695674956 0.718355954 0.00104095181 0.695674956 0.718355954 0.00104095181 0.695674956 0.718355954 1 -8.83980524e-15 -6.53455383e-15 1 -8.83980524e-15 -6.53455383e-15 1 -8.83980524e-15 -6.53455383e-15 1 -0 -0 1 0 0 1 0 0 1 0 0 1 0 0 1 -0 0 1 8.66404167e-16 -4.63103511e-16 1 8.66404167e-16 -4.63103511e-16 1 8.66404167e-16 -4.63103511e-16 1 0 0 1 0 0 1 0 0 1 1.96076608e-15 -4.15335025e-15 1 -5.5346668e-16 -6.74401597e-16 1 0 -1.88877103e-15 1 -8.66404167e-16 -4.63103511e-16 1 7.85682827e-16 -1.08420217e-15 1 6.83937971e-16 -5.61292365e-16 1 5.5346668e-16 -6.74401597e-16 1 4.42526699e-16 -8.27909431e-16 1 3.26011282e-16 -1.07471562e-15 1 1.55964666e-16 -1.58353657e-15 1 -0 -0 -0.63439244 0.773011148 6.02060484e-16 -0.63439244 0.773011148 6.02060484e-16 -0.63439244 0.773011148 6.02060484e-16 -0.0980190933 0.995184541 8.13776779e-17 -0.0980190933 0.995184541 8.13776779e-17 -0.0980190933 0.995184541 8.13776779e-17 -0.290284932 0.956940234 2.76347252e-16 -0.290284932 0.956940234 2.76347252e-16 -0.290284932 0.956940234 2.76347252e-16 -0.4498519 0.89268595 -0.02729626 -0.4498519 0.89268595 -0.02729626 -0.4498519 0.89268595 -0.02729626 -0.281902045 0.95939976 -0.00912911445 -0.281902045 0.95939976 -0.00912911445 -0.281902045 0.95939976 -0.00912911445 -0.980785131 0.195091039 0 -0.980785131 0.195091039 0 -0.980785131 0.195091039 0 -0.995001018 0.0991637185 -0.0118099684 -0.995001018 0.0991637185 -0.0118099684 -0.995001018 0.0991637185 -0.0118099684 -0.956940234 0.290285081 1.01492938e-15 -0.956940234 0.290285081 1.01492938e-15 -0.956940234 0.290285081 1.01492938e-15 -0.773010075 0.634393752 8.1862595e-16 -0.773010075 0.634393752 8.1862595e-16 -0.773010075 0.634393752 8.1862595e-16 -0.874272406 0.484384149 -0.0319335759 -0.874272406 0.484384149 -0.0319335759 -0.874272406 0.484384149 -0.0319335759 -0.768695533 0.63952738 -0.0105793094 -0.768695533 0.63952738 -0.0105793094 -0.768695533 0.63952738 -0.0105793094 0 0 -1 0 0 -1 0 0 -1 -0 -0 -1 0.0188721884 0.108481072 0.993919373 0.0188721884 0.108481072 0.993919373 0.0188721884 0.108481072 0.993919373 -0.039678406 0.167363092 0.985096574 -0.039678406 0.167363092 0.985096574 -0.039678406 0.167363092 0.985096574 -0.0740450621 0.192594498 0.978480816 -0.0740450621 0.192594498 0.978480816 -0.0740450621 0.192594498 0.978480816 -0.108479731 -0.0188701078 0.993919551 -0.108479731 -0.0188701078 0.993919551 -0.108479731 -0.0188701078 0.993919551 -0.196708173 0.0691995695 0.978017032 -0.196708173 0.0691995695 0.978017032 -0.196708173 0.0691995695 0.978017032 -0.249500409 0.0242153611 0.968071878 -0.249500409 0.0242153611 0.968071878 -0.249500409 0.0242153611 0.968071878 -0.0253845807 0.250686675 0.96773541 -0.0253845807 0.250686675 0.96773541 -0.0253845807 0.250686675 0.96773541 -0.083793655 0.309197813 0.947298944 -0.083793655 0.309197813 0.947298944 -0.083793655 0.309197813 0.947298944 -0.102237664 0.310337126 0.945112884 -0.102237664 0.310337126 0.945112884 -0.102237664 0.310337126 0.945112884 -0.0703973025 0.386393696 0.919643462 -0.0703973025 0.386393696 0.919643462 -0.0703973025 0.386393696 0.919643462 -0.115937978 0.43163988 0.89456439 -0.115937978 0.43163988 0.89456439 -0.115937978 0.43163988 0.89456439 -0.100484431 0.460030377 0.88219893 -0.100484431 0.460030377 0.88219893 -0.100484431 0.460030377 0.88219893 -0.628211379 0.162008747 0.760988593 -0.628211379 0.162008747 0.760988593 -0.628211379 0.162008747 0.760988593 -0.583576024 0.117102429 0.803570807 -0.583576024 0.117102429 0.803570807 -0.583576024 0.117102429 0.803570807 -0.535160601 0.138771191 0.833274066 -0.535160601 0.138771191 0.833274066 -0.535160601 0.138771191 0.833274066 -0.513033092 0.116247192 0.850460827 -0.513033092 0.116247192 0.850460827 -0.513033092 0.116247192 0.850460827 -0.445948899 0.0963232145 0.889860332 -0.445948899 0.0963232145 0.889860332 -0.445948899 0.0963232145 0.889860332 -0.443984032 0.128633946 0.886753321 -0.443984032 0.128633946 0.886753321 -0.443984032 0.128633946 0.886753321 -0.357621163 0.0421896651 0.932913244 -0.357621163 0.0421896651 0.932913244 -0.357621163 0.0421896651 0.932913244 -0.314192057 0.186610907 0.930838168 -0.314192057 0.186610907 0.930838168 -0.314192057 0.186610907 0.930838168 -0.309198558 0.0837932602 0.947298765 -0.309198558 0.0837932602 0.947298765 -0.309198558 0.0837932602 0.947298765 -0.116244927 0.513032615 0.850461423 -0.116244927 0.513032615 0.850461423 -0.116244927 0.513032615 0.850461423 -0.164166331 0.559484065 0.812420428 -0.164166331 0.559484065 0.812420428 -0.164166331 0.559484065 0.812420428 -0.0966578573 0.562363386 0.821221471 -0.0966578573 0.562363386 0.821221471 -0.0966578573 0.562363386 0.821221471 -0.162013456 0.628212571 0.760986626 -0.162013456 0.628212571 0.760986626 -0.162013456 0.628212571 0.760986626 -0.160463586 0.627459407 0.761935771 -0.160463586 0.627459407 0.761935771 -0.160463586 0.627459407 0.761935771 -0.153480828 0.679147899 0.717775524 -0.153480828 0.679147899 0.717775524 -0.153480828 0.679147899 0.717775524 -0.207357466 0.730905533 0.650215387 -0.207357466 0.730905533 0.650215387 -0.207357466 0.730905533 0.650215387 -0.651473761 0.212285683 0.728365839 -0.651473761 0.212285683 0.728365839 -0.651473761 0.212285683 0.728365839 -0.648445547 0.123844415 0.751119792 -0.648445547 0.123844415 0.751119792 -0.648445547 0.123844415 0.751119792 -0.729522943 0.205840662 0.652246833 -0.729522943 0.205840662 0.652246833 -0.729522943 0.205840662 0.652246833 -0.729804158 0.209506601 0.650763333 -0.729804158 0.209506601 0.650763333 -0.729804158 0.209506601 0.650763333 -0.803687394 0.192321822 0.563115358 -0.803687394 0.192321822 0.563115358 -0.803687394 0.192321822 0.563115358 -0.209920332 0.727731764 0.652947128 -0.209920332 0.727731764 0.652947128 -0.209920332 0.727731764 0.652947128 -0.192322552 0.803685904 0.563117206 -0.192322552 0.803685904 0.563117206 -0.192322552 0.803685904 0.563117206 -0.23754485 0.846590817 0.476294518 -0.23754485 0.846590817 0.476294518 -0.23754485 0.846590817 0.476294518 -0.845575333 0.236375362 0.478674293 -0.845575333 0.236375362 0.478674293 -0.845575333 0.236375362 0.478674293 -0.845874965 0.239329383 0.476672828 -0.845874965 0.239329383 0.476672828 -0.845874965 0.239329383 0.476672828 -0.893244863 0.22670953 0.388222039 -0.893244863 0.22670953 0.388222039 -0.893244863 0.22670953 0.388222039 -0.239656389 0.844383478 0.47914651 -0.239656389 0.844383478 0.47914651 -0.239656389 0.844383478 0.47914651 -0.226709664 0.893244445 0.388222933 -0.226709664 0.893244445 0.388222933 -0.226709664 0.893244445 0.388222933 -0.257762462 0.921704829 0.289859802 -0.257762462 0.921704829 0.289859802 -0.257762462 0.921704829 0.289859802 -0.0492345951 0.0492345951 0.997573018 -0.0492345951 0.0492345951 0.997573018 -0.0492345951 0.0492345951 0.997573018 -0.137631938 0.137631938 0.980874538 -0.137631938 0.137631938 0.980874538 -0.137631938 0.137631938 0.980874538 -0.137631938 0.137631938 0.980874538 -0.215022057 0.215022057 0.952644229 -0.215022057 0.215022057 0.952644229 -0.215022057 0.215022057 0.952644229 -0.215021193 0.21502246 0.952644348 -0.290094018 0.290095717 0.911970377 -0.290094018 0.290095717 0.911970377 -0.290094018 0.290095717 0.911970377 -0.290095299 0.290095299 0.911970079 -0.36158362 0.36158362 0.859368682 -0.36158362 0.36158362 0.859368682 -0.36158362 0.36158362 0.859368682 -0.36158362 0.36158362 0.859368682 -0.428304106 0.428304106 0.795682847 -0.428304106 0.428304106 0.795682847 -0.428304106 0.428304106 0.795682847 -0.428304106 0.428304106 0.795682847 -0.514344811 0.514344811 0.686220706 -0.514344811 0.514344811 0.686220706 -0.514344811 0.514344811 0.686220706 -0.514344811 0.514344811 0.686220706 -0.606892586 0.606892586 0.513188839 -0.606892586 0.606892586 0.513188839 -0.606892586 0.606892586 0.513188839 -0.606892586 0.606892586 0.513188839 -0.670583665 0.670583665 0.317230284 -0.670583665 0.670583665 0.317230284 -0.670583665 0.670583665 0.317230284 -0.670582592 0.670584321 0.317231357 -0.256458819 0.922633648 0.288055599 -0.256458819 0.922633648 0.288055599 -0.256458819 0.922633648 0.288055599 -0.250376791 0.947629333 0.198267713 -0.250376791 0.947629333 0.198267713 -0.250376791 0.947629333 0.198267713 -0.266139925 0.959853947 0.0885996372 -0.266139925 0.959853947 0.0885996372 -0.266139925 0.959853947 0.0885996372 -0.25760442 0.961395562 0.096739471 -0.25760442 0.961395562 0.096739471 -0.25760442 0.961395562 0.096739471 -0.525082052 0.844399393 0.106200531 -0.525082052 0.844399393 0.106200531 -0.525082052 0.844399393 0.106200531 -0.700603127 0.700604916 0.135307074 -0.700603127 0.700604916 0.135307074 -0.700603127 0.700604916 0.135307074 -0.725636244 0.679630637 0.107490532 -0.725636244 0.679630637 0.107490532 -0.725636244 0.679630637 0.107490532 -0.892002463 0.439897269 0.104028843 -0.892002463 0.439897269 0.104028843 -0.892002463 0.439897269 0.104028843 -0.922082067 0.258244485 0.288226336 -0.922082067 0.258244485 0.288226336 -0.922082067 0.258244485 0.288226336 -0.922095418 0.256550938 0.289692312 -0.922095418 0.256550938 0.289692312 -0.922095418 0.256550938 0.289692312 -0.947630763 0.250377029 0.19826071 -0.947630763 0.250377029 0.19826071 -0.947630763 0.250377029 0.19826071 -0.955152214 0.258563757 0.144322678 -0.955152214 0.258563757 0.144322678 -0.955152214 0.258563757 0.144322678 -0.977133989 0.194360018 0.0862169117 -0.977133989 0.194360018 0.0862169117 -0.977133989 0.194360018 0.0862169117 -0.195090428 -0 -0.980785251 -0.195090428 -0 -0.980785251 -0.195090428 -0 -0.980785251 -0.195090428 0 -0.980785251 -0.555569112 0 -0.83147037 -0.555569112 0 -0.83147037 -0.555569112 0 -0.83147037 -0.555569112 0 -0.83147037 -0.831470251 0 -0.555569291 -0.831470251 0 -0.555569291 -0.831470251 0 -0.555569291 -0.831470251 0 -0.555569291 -0.980785489 0 -0.195089355 -0.980785489 0 -0.195089355 -0.980785489 0 -0.195089355 -0.980785489 0 -0.195089355 0 0.939692616 -0.342020243 0 0.939692616 -0.342020243 0 0.939692616 -0.342020243 -1.69722546e-06 0.939692795 -0.342019677 0 0.939692318 -0.342021048 -6.67201301e-17 1 1.76114071e-16 -6.67201301e-17 1 1.76114071e-16 -6.67201301e-17 1 1.76114071e-16 -6.67201301e-17 1 1.76114071e-16 -0.980786026 0.195086449 8.57339115e-16 -0.980786026 0.195086449 8.57339115e-16 -0.980786026 0.195086449 8.57339115e-16 -0.258818328 0.965925992 3.96355674e-16 -0.258818328 0.965925992 3.96355674e-16 -0.258818328 0.965925992 3.96355674e-16 -0.195090503 0.980784833 0.000907632348 -0.195090503 0.980784833 0.000907632348 -0.195090503 0.980784833 0.000907632348 -0.528068364 0.849201798 -0.000343747932 -0.528068364 0.849201798 -0.000343747932 -0.528068364 0.849201798 -0.000343747932 -0.471394867 0.881922245 5.58386142e-16 -0.471394867 0.881922245 5.58386142e-16 -0.471394867 0.881922245 5.58386142e-16 -0.729865015 0.683591306 7.38161314e-16 -0.729865015 0.683591306 7.38161314e-16 -0.729865015 0.683591306 7.38161314e-16 -0.707107902 0.707105517 0.000398372358 -0.707107902 0.707105517 0.000398372358 -0.707107902 0.707105517 0.000398372358 -0.896868587 0.442297041 -0.000171943466 -0.896868587 0.442297041 -0.000171943466 -0.896868587 0.442297041 -0.000171943466 -0.881918311 0.471402258 8.26262958e-16 -0.881918311 0.471402258 8.26262958e-16 -0.881918311 0.471402258 8.26262958e-16 -0.980786026 0.195086449 8.57339115e-16 -0 -0 -1 -0 -0 -1 -0 -0 -1 -0 -0 -1 -0.195090428 -0 -0.980785251 -0.195090428 -0 -0.980785251 -0.195090428 -0 -0.980785251 -0.195090428 0 -0.980785251 -0.555569112 0 -0.83147037 -0.555569112 0 -0.83147037 -0.555569112 0 -0.83147037 -0.555569112 0 -0.83147037 -0.831470251 0 -0.555569291 -0.831470251 0 -0.555569291 -0.831470251 0 -0.555569291 -0.831470251 0 -0.555569291 -0.980785489 0 -0.195089355 -0.980785489 0 -0.195089355 -0.980785489 0 -0.195089355 -0.980785489 0 -0.195089355 0.634393156 0.773010552 -3.87477657e-16 0.634393156 0.773010552 -3.87477657e-16 0.634393156 0.773010552 -3.87477657e-16 0.19509092 0.980785131 1.91379534e-17 0.19509092 0.980785131 1.91379534e-17 0.19509092 0.980785131 1.91379534e-17 0.19509092 0.980785131 1.90969914e-17 0.442283511 0.896868348 -0.00353442691 0.442283511 0.896868348 -0.00353442691 0.442283511 0.896868348 -0.00353442691 0.683592677 0.729863703 -4.35957138e-16 0.683592677 0.729863703 -4.35957138e-16 0.683592677 0.729863703 -4.35957138e-16 0.956940293 0.290284872 -7.47083801e-16 0.956940293 0.290284872 -7.47083801e-16 0.956940293 0.290284872 -7.47083801e-16 0.849194944 0.528064132 -0.00402845722 0.849194944 0.528064132 -0.00402845722 0.849194944 0.528064132 -0.00402845722 0.965925753 0.258819222 -7.60459351e-16 0.965925753 0.258819222 -7.60459351e-16 0.965925753 0.258819222 -7.60459351e-16 0.0150148943 -0.0858223885 0.996197283 0.0150148943 -0.0858223885 0.996197283 0.0150148943 -0.0858223885 0.996197283 -0.606582642 -0.17349644 0.775858521 -0.606582642 -0.17349644 0.775858521 -0.606582642 -0.17349644 0.775858521 -0.785123289 -0.194859669 0.587887049 -0.785123289 -0.194859669 0.587887049 -0.785123289 -0.194859669 0.587887049 -0.258736193 -0.965619385 0.0251947343 -0.258736193 -0.965619385 0.0251947343 -0.258736193 -0.965619385 0.0251947343 -0.950573862 -0.18907699 0.246290848 -0.950573862 -0.18907699 0.246290848 -0.950573862 -0.18907699 0.246290848 -0.896471083 -0.442100972 0.0297711361 -0.896471083 -0.442100972 0.0297711361 -0.896471083 -0.442100972 0.0297711361 -0.729519367 -0.683267593 0.030772632 -0.729519367 -0.683267593 0.030772632 -0.729519367 -0.683267593 0.030772632 -0.965434015 -0.259427309 0.0251909159 -0.965434015 -0.259427309 0.0251909159 -0.965434015 -0.259427309 0.0251909159 -0.955567837 -0.252671331 0.151813328 -0.955567837 -0.252671331 0.151813328 -0.955567837 -0.252671331 0.151813328 -0.953626931 -0.266697407 0.139528304 -0.953626931 -0.266697407 0.139528304 -0.953626931 -0.266697407 0.139528304 -0.912999511 -0.225943565 0.339678377 -0.912999511 -0.225943565 0.339678377 -0.912999511 -0.225943565 0.339678377 -0.911249161 -0.262283742 0.317540824 -0.911249161 -0.262283742 0.317540824 -0.911249161 -0.262283742 0.317540824 -0.259332776 -0.965391397 0.0276756026 -0.259332776 -0.965391397 0.0276756026 -0.259332776 -0.965391397 0.0276756026 -0.253552705 -0.957297325 0.138898879 -0.253552705 -0.957297325 0.138898879 -0.253552705 -0.957297325 0.138898879 -0.264403582 -0.952245653 0.152705446 -0.264403582 -0.952245653 0.152705446 -0.264403582 -0.952245653 0.152705446 -0.231833696 -0.920569539 0.314332485 -0.231833696 -0.920569539 0.314332485 -0.231833696 -0.920569539 0.314332485 -0.253175616 -0.904112279 0.344213784 -0.253175616 -0.904112279 0.344213784 -0.253175616 -0.904112279 0.344213784 -0.228075132 -0.881570041 0.413298965 -0.228075132 -0.881570041 0.413298965 -0.228075132 -0.881570041 0.413298965 -0.20408465 -0.828359604 0.521698952 -0.20408465 -0.828359604 0.521698952 -0.20408465 -0.828359604 0.521698952 -0.81772542 -0.229757324 0.52776581 -0.81772542 -0.229757324 0.52776581 -0.81772542 -0.229757324 0.52776581 -0.839905322 -0.209082827 0.50084275 -0.839905322 -0.209082827 0.50084275 -0.839905322 -0.209082827 0.50084275 -0.881564021 -0.228068963 0.413315207 -0.881564021 -0.228068963 0.413315207 -0.881564021 -0.228068963 0.413315207 -0.241702154 -0.82803911 0.505896509 -0.241702154 -0.82803911 0.505896509 -0.241702154 -0.82803911 0.505896509 -0.194861904 -0.785124362 0.587884784 -0.194861904 -0.785124362 0.587884784 -0.194861904 -0.785124362 0.587884784 -0.166218042 -0.706287384 0.688134968 -0.166218042 -0.706287384 0.688134968 -0.166218042 -0.706287384 0.688134968 -0.212140396 -0.703113496 0.678695679 -0.212140396 -0.703113496 0.678695679 -0.212140396 -0.703113496 0.678695679 -0.157768831 -0.65208602 0.741547585 -0.157768831 -0.65208602 0.741547585 -0.157768831 -0.65208602 0.741547585 -0.124827988 -0.59662503 0.792752504 -0.124827988 -0.59662503 0.792752504 -0.124827988 -0.59662503 0.792752504 -0.721055388 -0.171469852 0.671324968 -0.721055388 -0.171469852 0.671324968 -0.721055388 -0.171469852 0.671324968 -0.689725339 -0.197362974 0.696654022 -0.689725339 -0.197362974 0.696654022 -0.689725339 -0.197362974 0.696654022 -0.604758441 -0.111246206 0.788600981 -0.604758441 -0.111246206 0.788600981 -0.604758441 -0.111246206 0.788600981 -0.545517504 -0.111016415 0.830714166 -0.545517504 -0.111016415 0.830714166 -0.545517504 -0.111016415 0.830714166 -0.490535438 -0.128868207 0.86183989 -0.490535438 -0.128868207 0.86183989 -0.490535438 -0.128868207 0.86183989 -0.485883534 -0.121044047 0.865601242 -0.485883534 -0.121044047 0.865601242 -0.485883534 -0.121044047 0.865601242 -0.424750298 -0.0603783689 0.903294861 -0.424750298 -0.0603783689 0.903294861 -0.424750298 -0.0603783689 0.903294861 -0.412698656 -0.12788102 0.901846051 -0.412698656 -0.12788102 0.901846051 -0.412698656 -0.12788102 0.901846051 -0.167318434 -0.600752592 0.7817294 -0.167318434 -0.600752592 0.7817294 -0.167318434 -0.600752592 0.7817294 -0.105716214 -0.54012394 0.834919274 -0.105716214 -0.54012394 0.834919274 -0.105716214 -0.54012394 0.834919274 -0.127076328 -0.491784036 0.861394227 -0.127076328 -0.491784036 0.861394227 -0.127076328 -0.491784036 0.861394227 -0.0771762133 -0.441998839 0.893689454 -0.0771762133 -0.441998839 0.893689454 -0.0771762133 -0.441998839 0.893689454 -0.105644763 -0.391056716 0.914283216 -0.105644763 -0.391056716 0.914283216 -0.105644763 -0.391056716 0.914283216 -0.0747819841 -0.360487998 0.929761291 -0.0747819841 -0.360487998 0.929761291 -0.0747819841 -0.360487998 0.929761291 -0.0752686635 -0.287776977 0.954735041 -0.0752686635 -0.287776977 0.954735041 -0.0752686635 -0.287776977 0.954735041 -0.0881531164 -0.2849935 0.954467237 -0.0881531164 -0.2849935 0.954467237 -0.0881531164 -0.2849935 0.954467237 -0.00974008627 -0.206532806 0.978391171 -0.00974008627 -0.206532806 0.978391171 -0.00974008627 -0.206532806 0.978391171 -0.203923777 -0.109934345 0.972794712 -0.203923777 -0.109934345 0.972794712 -0.203923777 -0.109934345 0.972794712 -0.0436968617 -0.144666612 0.988515139 -0.0436968617 -0.144666612 0.988515139 -0.0436968617 -0.144666612 0.988515139 -0.0388564728 -0.0388564728 0.998489022 -0.0388564728 -0.0388564728 0.998489022 -0.0388564728 -0.0388564728 0.998489022 -0.115679897 -0.115679897 0.986527383 -0.115679897 -0.115679897 0.986527383 -0.115679897 -0.115679897 0.986527383 -0.115679458 -0.115680553 0.986527383 -0.190337747 -0.190339535 0.963090003 -0.190337747 -0.190339535 0.963090003 -0.190337747 -0.190339535 0.963090003 -0.190338746 -0.190337509 0.963090241 -0.262135565 -0.262133867 0.928746879 -0.262135565 -0.262133867 0.928746879 -0.262135565 -0.262133867 0.928746879 -0.26213479 -0.262136102 0.928746462 -0.330420583 -0.330422282 0.88410598 -0.330420583 -0.330422282 0.88410598 -0.330420583 -0.330422282 0.88410598 -0.330420941 -0.330420941 0.884106338 -0.39462781 -0.39462781 0.829781771 -0.39462781 -0.39462781 0.829781771 -0.39462781 -0.39462781 0.829781771 -0.39462781 -0.39462781 0.829781771 -0.482971728 -0.482971728 0.73039484 -0.482971728 -0.482971728 0.73039484 -0.482971728 -0.482971728 0.73039484 -0.482971281 -0.482972771 0.730394423 -0.583166361 -0.583168149 0.565536797 -0.583166361 -0.583168149 0.565536797 -0.583166361 -0.583168149 0.565536797 -0.58316642 -0.58316803 0.565536857 -0.655432582 -0.65543443 0.375251651 -0.655432582 -0.65543443 0.375251651 -0.655432582 -0.65543443 0.375251651 -0.655432642 -0.65543437 0.37525171 -0.697008133 -0.697009981 0.16839458 -0.697008133 -0.697009981 0.16839458 -0.697008133 -0.697009981 0.16839458 -0.697008908 -0.697008908 0.168395817 -0.701158285 -0.701158285 0.12943773 -0.701158285 -0.701158285 0.12943773 -0.701158285 -0.701158285 0.12943773 -0.527824283 -0.848809302 0.0304017942 -0.527824283 -0.848809302 0.0304017942 -0.527824283 -0.848809302 0.0304017942 -0.0858223885 0.0150148943 0.996197283 -0.0858223885 0.0150148943 0.996197283 -0.0858223885 0.0150148943 0.996197283 -0.14466764 -0.0436978899 0.98851496 -0.14466764 -0.0436978899 0.98851496 -0.14466764 -0.0436978899 0.98851496 -0.134084523 -0.0946120918 0.986443043 -0.134084523 -0.0946120918 0.986443043 -0.134084523 -0.0946120918 0.986443043 -0.226466238 -0.0294211023 0.973574579 -0.226466238 -0.0294211023 0.973574579 -0.226466238 -0.0294211023 0.973574579 -0.280772805 -0.0838665217 0.956103027 -0.280772805 -0.0838665217 0.956103027 -0.280772805 -0.0838665217 0.956103027 -0.293108344 -0.0752489269 0.953113377 -0.293108344 -0.0752489269 0.953113377 -0.293108344 -0.0752489269 0.953113377 -0.36048764 -0.0747825801 0.92976141 -0.36048764 -0.0747825801 0.92976141 -0.36048764 -0.0747825801 0.92976141 0 0 -1 0 0 -1 0 0 -1 0 -0 -1 0 0 -1 0 0 -1 0 0 -1 0 -0 -1 -0.0188720115 0.108480975 0.993919373 -0.0188720115 0.108480975 0.993919373 -0.0188720115 0.108480975 0.993919373 0.108480744 -0.0188716482 0.993919432 0.108480744 -0.0188716482 0.993919432 0.108480744 -0.0188716482 0.993919432 0.167365402 0.0396810658 0.985096037 0.167365402 0.0396810658 0.985096037 0.167365402 0.0396810658 0.985096037 0.192595005 0.0740447268 0.978480756 0.192595005 0.0740447268 0.978480756 0.192595005 0.0740447268 0.978480756 0.0160368513 0.241171107 0.970350087 0.0160368513 0.241171107 0.970350087 0.0160368513 0.241171107 0.970350087 0.0936502889 0.206873953 0.973875165 0.0936502889 0.206873953 0.973875165 0.0936502889 0.206873953 0.973875165 0.0396784656 0.167363718 0.985096455 0.0396784656 0.167363718 0.985096455 0.0396784656 0.167363718 0.985096455 0.250686347 0.0253848024 0.967735469 0.250686347 0.0253848024 0.967735469 0.250686347 0.0253848024 0.967735469 0.309197247 0.0837946162 0.947299063 0.309197247 0.0837946162 0.947299063 0.309197247 0.0837946162 0.947299063 0.310336471 0.102238037 0.945113063 0.310336471 0.102238037 0.945113063 0.310336471 0.102238037 0.945113063 0.386394083 0.0703972727 0.919643342 0.386394083 0.0703972727 0.919643342 0.386394083 0.0703972727 0.919643342 0.431640506 0.115937948 0.894564092 0.431640506 0.115937948 0.894564092 0.431640506 0.115937948 0.894564092 0.460029513 0.10048528 0.882199287 0.460029513 0.10048528 0.882199287 0.460029513 0.10048528 0.882199287 0.162015244 0.628213346 0.760985613 0.162015244 0.628213346 0.760985613 0.162015244 0.628213346 0.760985613 0.117103755 0.583573163 0.803572655 0.117103755 0.583573163 0.803572655 0.117103755 0.583573163 0.803572655 0.138770521 0.535162151 0.833273172 0.138770521 0.535162151 0.833273172 0.138770521 0.535162151 0.833273172 0.116245367 0.51303345 0.850460887 0.116245367 0.51303345 0.850460887 0.116245367 0.51303345 0.850460887 0.0963215902 0.445949048 0.889860451 0.0963215902 0.445949048 0.889860451 0.0963215902 0.445949048 0.889860451 0.128634349 0.443984061 0.886753261 0.128634349 0.443984061 0.886753261 0.128634349 0.443984061 0.886753261 0.0421897434 0.357621133 0.932913244 0.0421897434 0.357621133 0.932913244 0.0421897434 0.357621133 0.932913244 0.18661356 0.314191103 0.930837989 0.18661356 0.314191103 0.930837989 0.18661356 0.314191103 0.930837989 0.0837944597 0.309197575 0.947298944 0.0837944597 0.309197575 0.947298944 0.0837944597 0.309197575 0.947298944 0.513033092 0.116246328 0.850460947 0.513033092 0.116246328 0.850460947 0.513033092 0.116246328 0.850460947 0.559483707 0.164166808 0.812420607 0.559483707 0.164166808 0.812420607 0.559483707 0.164166808 0.812420607 0.562363148 0.0966575742 0.82122165 0.562363148 0.0966575742 0.82122165 0.562363148 0.0966575742 0.82122165 0.628213227 0.162014499 0.760985851 0.628213227 0.162014499 0.760985851 0.628213227 0.162014499 0.760985851 0.627459288 0.160462946 0.761936009 0.627459288 0.160462946 0.761936009 0.627459288 0.160462946 0.761936009 0.679146826 0.153480276 0.717776656 0.679146826 0.153480276 0.717776656 0.679146826 0.153480276 0.717776656 0.730905175 0.207357779 0.650215626 0.730905175 0.207357779 0.650215626 0.730905175 0.207357779 0.650215626 0.212286845 0.651473105 0.728366077 0.212286845 0.651473105 0.728366077 0.212286845 0.651473105 0.728366077 0.123843677 0.648444772 0.751120567 0.123843677 0.648444772 0.751120567 0.123843677 0.648444772 0.751120567 0.205840543 0.729522824 0.652247012 0.205840543 0.729522824 0.652247012 0.205840543 0.729522824 0.652247012 0.209506705 0.729804039 0.650763392 0.209506705 0.729804039 0.650763392 0.209506705 0.729804039 0.650763392 0.192322418 0.803685546 0.563117802 0.192322418 0.803685546 0.563117802 0.192322418 0.803685546 0.563117802 0.727733493 0.209918976 0.652945638 0.727733493 0.209918976 0.652945638 0.727733493 0.209918976 0.652945638 0.80368638 0.19232139 0.563116968 0.80368638 0.19232139 0.563116968 0.80368638 0.19232139 0.563116968 0.846591294 0.237543628 0.476294279 0.846591294 0.237543628 0.476294279 0.846591294 0.237543628 0.476294279 0.236378446 0.845575631 0.478672147 0.236378446 0.845575631 0.478672147 0.236378446 0.845575631 0.478672147 0.239329427 0.845875025 0.476672739 0.239329427 0.845875025 0.476672739 0.239329427 0.845875025 0.476672739 0.226709679 0.893244565 0.388222724 0.226709679 0.893244565 0.388222724 0.226709679 0.893244565 0.388222724 0.844383419 0.239655688 0.479146957 0.844383419 0.239655688 0.479146957 0.844383419 0.239655688 0.479146957 0.893245995 0.226708457 0.388220191 0.893245995 0.226708457 0.388220191 0.893245995 0.226708457 0.388220191 0.921705425 0.257760197 0.289859891 0.921705425 0.257760197 0.289859891 0.921705425 0.257760197 0.289859891 0.0492345393 0.0492344946 0.997573018 0.0492345393 0.0492344946 0.997573018 0.0492345393 0.0492344946 0.997573018 0.137632281 0.137632161 0.980874479 0.137632281 0.137632161 0.980874479 0.137632281 0.137632161 0.980874479 0.137632206 0.137632281 0.980874479 0.215021685 0.215021804 0.952644348 0.215021685 0.215021804 0.952644348 0.215021685 0.215021804 0.952644348 0.215021521 0.215022147 0.952644348 0.290094763 0.290095598 0.911970139 0.290094763 0.290095598 0.911970139 0.290094763 0.290095598 0.911970139 0.290095091 0.290094584 0.911970377 0.361584157 0.361583531 0.859368503 0.361584157 0.361583531 0.859368503 0.361584157 0.361583531 0.859368503 0.361584067 0.361583918 0.859368384 0.42830357 0.428303361 0.795683503 0.42830357 0.428303361 0.795683503 0.42830357 0.428303361 0.795683503 0.428303421 0.428304344 0.795683086 0.514344156 0.514345288 0.686220825 0.514344156 0.514345288 0.686220825 0.514344156 0.514345288 0.686220825 0.514344156 0.514345288 0.686220825 0.60689193 0.606893241 0.513188839 0.60689193 0.606893241 0.513188839 0.60689193 0.606893241 0.513188839 0.606891811 0.60689348 0.51318872 0.670582533 0.670584321 0.317231357 0.670582533 0.670584321 0.317231357 0.670582533 0.670584321 0.317231357 0.670582712 0.670584023 0.317231655 0.922633469 0.256457627 0.288057178 0.922633469 0.256457627 0.288057178 0.922633469 0.256457627 0.288057178 0.947630107 0.25037536 0.198265851 0.947630107 0.25037536 0.198265851 0.947630107 0.25037536 0.198265851 0.959854424 0.266138077 0.0886001587 0.959854424 0.266138077 0.0886001587 0.959854424 0.266138077 0.0886001587 0.961395562 0.257605344 0.0967373475 0.961395562 0.257605344 0.0967373475 0.961395562 0.257605344 0.0967373475 0.844399571 0.525082171 0.106198102 0.844399571 0.525082171 0.106198102 0.844399571 0.525082171 0.106198102 0.700603545 0.700604916 0.135304853 0.700603545 0.700604916 0.135304853 0.700603545 0.700604916 0.135304853 0.679631889 0.725634873 0.107491806 0.679631889 0.725634873 0.107491806 0.679631889 0.725634873 0.107491806 0.43988651 0.892007649 0.104030102 0.43988651 0.892007649 0.104030102 0.43988651 0.892007649 0.104030102 0.258245558 0.922082484 0.288224101 0.258245558 0.922082484 0.288224101 0.258245558 0.922082484 0.288224101 0.256549537 0.922095835 0.289692223 0.256549537 0.922095835 0.289692223 0.256549537 0.922095835 0.289692223 0.250376105 0.947629631 0.198267192 0.250376105 0.947629631 0.198267192 0.250376105 0.947629631 0.198267192 0.258564085 0.955152392 0.144321054 0.258564085 0.955152392 0.144321054 0.258564085 0.955152392 0.144321054 0.194364443 0.977132916 0.0862189233 0.194364443 0.977132916 0.0862189233 0.194364443 0.977132916 0.0862189233 1 1.04154242e-15 -5.56716534e-16 1 1.04154242e-15 -5.56716534e-16 1 1.04154242e-15 -5.56716534e-16 1 -0 0 1 -0 0 1 -0 0 1 2.51718287e-15 -3.27877941e-15 1 0 -9.10018847e-16 1 0 -9.10018847e-16 1 0 -9.10018847e-16 1 3.57771979e-15 -3.52372006e-16 1 -3.73872889e-15 -1.80301021e-15 1 -0 -0 1 0 0 1 -5.86764287e-16 -7.1497384e-16 1 -7.65919378e-16 -6.28575897e-16 1 -1.04154242e-15 -5.56716534e-16 1 0 -0 1 -0 -0 1 -0 -0 1 0 -7.96266451e-16 1 0 -7.96266451e-16 1 0 -7.96266451e-16 1 1.93772763e-14 -1.8753068e-15 -0.980786026 -0.195086449 7.84755538e-16 -0.980786026 -0.195086449 7.84755538e-16 -0.980786026 -0.195086449 7.84755538e-16 -0.980786026 -0.195086449 7.84755538e-16 -0.896868646 -0.442297041 6.68517154e-16 -0.896868646 -0.442297041 6.68517154e-16 -0.896868646 -0.442297041 6.68517154e-16 -0.773009837 -0.634393573 -0.000796302513 -0.773009837 -0.634393573 -0.000796302513 -0.773009837 -0.634393573 -0.000796302513 -0.729865015 -0.683591306 4.83616002e-16 -0.729865015 -0.683591306 4.83616002e-16 -0.729865015 -0.683591306 4.83616002e-16 -0.528068423 -0.849201858 2.84086486e-16 -0.528068423 -0.849201858 2.84086486e-16 -0.528068423 -0.849201858 2.84086486e-16 -0.290284008 -0.956940413 -0.000454067194 -0.290284008 -0.956940413 -0.000454067194 -0.290284008 -0.956940413 -0.000454067194 -0.258818328 -0.965925992 3.70150387e-17 -0.258818328 -0.965925992 3.70150387e-17 -0.258818328 -0.965925992 3.70150387e-17 0 -0.980785131 -0.19509092 0 -0.980785131 -0.19509092 0 -0.980785131 -0.19509092 -0.0256699324 -0.963466942 -0.26659435 -0.0256699324 -0.963466942 -0.26659435 -0.0256699324 -0.963466942 -0.26659435 0 -0.995184541 -0.0980187431 0 -0.995184541 -0.0980187431 0 -0.995184541 -0.0980187431 0 -0.195090458 -0.980785251 0 -0.195090458 -0.980785251 0 -0.195090458 -0.980785251 -0.0708984137 -0.104683153 -0.991975248 -0.0708984137 -0.104683153 -0.991975248 -0.0708984137 -0.104683153 -0.991975248 0.0734580681 -0.470122218 -0.879539073 0.0734580681 -0.470122218 -0.879539073 0.0734580681 -0.470122218 -0.879539073 -0.0603991821 -0.306489497 -0.949955881 -0.0603991821 -0.306489497 -0.949955881 -0.0603991821 -0.306489497 -0.949955881 -0 -0.471395791 -0.881921768 -0 -0.471395791 -0.881921768 -0 -0.471395791 -0.881921768 0 -0.707106471 -0.707107067 0 -0.707106471 -0.707107067 0 -0.707106471 -0.707107067 -0.0417519882 -0.654092073 -0.755261779 -0.0417519882 -0.654092073 -0.755261779 -0.0417519882 -0.654092073 -0.755261779 0.048178751 -0.88089788 -0.470847934 0.048178751 -0.88089788 -0.470847934 0.048178751 -0.88089788 -0.470847934 -0.0349548161 -0.789396584 -0.612887621 -0.0349548161 -0.789396584 -0.612887621 -0.0349548161 -0.789396584 -0.612887621 0 -0.881922007 -0.471395344 0 -0.881922007 -0.471395344 0 -0.881922007 -0.471395344 0.19509019 0 -0.98078531 0.19509019 0 -0.98078531 0.19509019 0 -0.98078531 0.19509019 0 -0.98078531 0.555570185 -0 -0.831469655 0.555570185 -0 -0.831469655 0.555570185 -0 -0.831469655 0.555570185 0 -0.831469655 0.831469715 -0 -0.555570126 0.831469715 -0 -0.555570126 0.831469715 -0 -0.555570126 0.831469715 0 -0.555570126 0.980785251 -0 -0.195090503 0.980785251 -0 -0.195090503 0.980785251 -0 -0.195090503 0.980785251 0 -0.195090503 0 -0.098016277 -0.995184839 0 -0.098016277 -0.995184839 0 -0.098016277 -0.995184839 0.036982391 -0.194957003 -0.980114341 0.036982391 -0.194957003 -0.980114341 0.036982391 -0.194957003 -0.980114341 0 -0.290286154 -0.956939876 0 -0.290286154 -0.956939876 0 -0.290286154 -0.956939876 0 -0.471395791 -0.881921768 0 -0.471395791 -0.881921768 0 -0.471395791 -0.881921768 0.0571134388 -0.633357286 -0.771749079 0.0571134388 -0.633357286 -0.771749079 0.0571134388 -0.633357286 -0.771749079 0.0417518914 -0.654092252 -0.7552616 0.0417518914 -0.654092252 -0.7552616 0.0417518914 -0.654092252 -0.7552616 0 -0.995184541 -0.0980187431 0 -0.995184541 -0.0980187431 0 -0.995184541 -0.0980187431 0.0256699212 -0.963466942 -0.266594291 0.0256699212 -0.963466942 -0.266594291 0.0256699212 -0.963466942 -0.266594291 0.0342084803 -0.956380308 -0.290114582 0.0342084803 -0.956380308 -0.290114582 0.0342084803 -0.956380308 -0.290114582 -0 -0.881922007 -0.471395344 -0 -0.881922007 -0.471395344 -0 -0.881922007 -0.471395344 -0 -0.773009717 -0.634394228 -0 -0.773009717 -0.634394228 -0 -0.773009717 -0.634394228 0 0.995184779 -0.0980163142 0 0.995184779 -0.0980163142 0 0.995184779 -0.0980163142 -0 0.995184779 -0.0980163142 0 0.956940293 -0.290284812 0 0.956940293 -0.290284812 0 0.956940293 -0.290284812 -0 0.956940293 -0.290284812 0 0.881920457 -0.471398294 0 0.881920457 -0.471398294 0 0.881920457 -0.471398294 -0 0.881920457 -0.471398294 0 0.773011029 -0.63439256 0 0.773011029 -0.63439256 0 0.773011029 -0.63439256 -0 0.773011029 -0.63439256 0 0.634393036 -0.773010671 0 0.634393036 -0.773010671 0 0.634393036 -0.773010671 -0 0.634393036 -0.773010671 0 0.471397758 -0.881920695 0 0.471397758 -0.881920695 0 0.471397758 -0.881920695 -0 0.471397758 -0.881920695 0 0.290284097 -0.956940532 0 0.290284097 -0.956940532 0 0.290284097 -0.956940532 -0 0.290284097 -0.956940532 0 0.0980160907 -0.995184839 0 0.0980160907 -0.995184839 0 0.0980160907 -0.995184839 -0 0.0980160907 -0.995184839 0.0933568701 0.878070414 -0.469336629 0.0933568701 0.878070414 -0.469336629 0.0933568701 0.878070414 -0.469336629 0.0387767218 0.980047524 -0.194944188 0.0387767218 0.980047524 -0.194944188 0.0387767218 0.980047524 -0.194944188 0.0387768224 0.980047524 -0.194944233 0.110427029 0.980047524 -0.165265739 0.110427029 0.980047524 -0.165265739 0.110427029 0.980047524 -0.165265739 0.110427096 0.980047464 -0.165265739 0.165265754 0.980047524 -0.110427037 0.165265754 0.980047524 -0.110427037 0.165265754 0.980047524 -0.110427037 0.165265784 0.980047524 -0.110427029 0.194944307 0.980047464 -0.0387766957 0.194944307 0.980047464 -0.0387766957 0.194944307 0.980047464 -0.0387766957 0.194944188 0.980047524 -0.0387768 0.186989978 0.285164386 -0.940061688 0.186989978 0.285164386 -0.940061688 0.186989978 0.285164386 -0.940061688 0.139281452 0.700214207 -0.700214803 0.139281452 0.700214207 -0.700214803 0.139281452 0.700214207 -0.700214803 0.213552684 0.772626996 -0.597865164 0.213552684 0.772626996 -0.597865164 0.213552684 0.772626996 -0.597865164 0.356527627 0.766928494 -0.533581078 0.356527627 0.766928494 -0.533581078 0.356527627 0.766928494 -0.533581078 0.356527448 0.766928554 -0.533581078 0.533581138 0.766928554 -0.356527388 0.533581138 0.766928554 -0.356527388 0.533581138 0.766928554 -0.356527388 0.533581138 0.766928554 -0.356527388 0.629401863 0.766928494 -0.125195771 0.629401863 0.766928494 -0.125195771 0.629401863 0.766928494 -0.125195771 0.629401803 0.766928554 -0.125195801 0.186989769 0.285164595 -0.940061688 0.532502115 0.285164624 -0.79694581 0.532502115 0.285164624 -0.79694581 0.532502115 0.285164624 -0.79694581 0.532502115 0.285164654 -0.79694581 0.79694587 0.285164654 -0.532501996 0.79694587 0.285164654 -0.532501996 0.79694587 0.285164654 -0.532501996 0.79694587 0.285164654 -0.532501996 0.940061688 0.285164595 -0.186989889 0.940061688 0.285164595 -0.186989889 0.940061688 0.285164595 -0.186989889 0.940061569 0.285164744 -0.186990052 -0.469336212 0.878070772 -0.0933554545 -0.469336212 0.878070772 -0.0933554545 -0.469336212 0.878070772 -0.0933554545 -0.19494386 0.980047584 -0.0387758948 -0.19494386 0.980047584 -0.0387758948 -0.19494386 0.980047584 -0.0387758948 -0.194943994 0.980047584 -0.0387762263 -0.165265754 0.980047584 -0.110426091 -0.165265754 0.980047584 -0.110426091 -0.165265754 0.980047584 -0.110426091 -0.165265769 0.980047464 -0.11042729 -0.110426933 0.980047464 -0.165266082 -0.110426933 0.980047464 -0.165266082 -0.110426933 0.980047464 -0.165266082 -0.110427096 0.980047524 -0.165265679 -0.0387766473 0.980047524 -0.194944292 -0.0387766473 0.980047524 -0.194944292 -0.0387766473 0.980047524 -0.194944292 -0.0387767479 0.980047524 -0.194944188 -0.868653715 0.464312077 -0.172785968 -0.868653715 0.464312077 -0.172785968 -0.868653715 0.464312077 -0.172785968 -0.700215638 0.700213313 -0.139281556 -0.700215638 0.700213313 -0.139281556 -0.700215638 0.700213313 -0.139281556 -0.597866416 0.772626102 -0.21355249 -0.597866416 0.772626102 -0.21355249 -0.597866416 0.772626102 -0.21355249 -0.533581614 0.76692766 -0.35652858 -0.533581614 0.76692766 -0.35652858 -0.533581614 0.76692766 -0.35652858 -0.533581674 0.766928017 -0.356527746 -0.356527925 0.766928196 -0.533581257 -0.356527925 0.766928196 -0.533581257 -0.356527925 0.766928196 -0.533581257 -0.356528252 0.766928554 -0.533580542 -0.125195608 0.766928554 -0.629401863 -0.125195608 0.766928554 -0.629401863 -0.125195608 0.766928554 -0.629401863 -0.125195637 0.766928554 -0.629401803 -0.96263814 0.191476673 -0.191479653 -0.96263814 0.191476673 -0.191479653 -0.96263814 0.191476673 -0.191479653 -0.923437595 0.28821224 -0.253370732 -0.923437595 0.28821224 -0.253370732 -0.923437595 0.28821224 -0.253370732 -0.796945691 0.28516525 -0.532501936 -0.796945691 0.28516525 -0.532501936 -0.796945691 0.28516525 -0.532501936 -0.796946049 0.285166115 -0.532500982 -0.532503128 0.285165757 -0.796944737 -0.532503128 0.285165757 -0.796944737 -0.532503128 0.285165757 -0.796944737 -0.53250128 0.285163283 -0.796946883 -0.18698968 0.285164088 -0.940061867 -0.18698968 0.285164088 -0.940061867 -0.18698968 0.285164088 -0.940061867 -0.186990008 0.285164386 -0.940061688 -0 -0.0980160907 -0.995184839 -0 -0.0980160907 -0.995184839 -0 -0.0980160907 -0.995184839 -0 -0.0980160907 -0.995184839 -0 -0.290284097 -0.956940532 -0 -0.290284097 -0.956940532 -0 -0.290284097 -0.956940532 -0 -0.290284097 -0.956940532 -0 -0.471397758 -0.881920695 -0 -0.471397758 -0.881920695 -0 -0.471397758 -0.881920695 -0 -0.471397758 -0.881920695 -0 -0.634393036 -0.773010671 -0 -0.634393036 -0.773010671 -0 -0.634393036 -0.773010671 -0 -0.634393036 -0.773010671 -0 -0.773011029 -0.63439256 -0 -0.773011029 -0.63439256 -0 -0.773011029 -0.63439256 -0 -0.773011029 -0.63439256 -0 -0.881920457 -0.471398294 -0 -0.881920457 -0.471398294 -0 -0.881920457 -0.471398294 -0 -0.881920457 -0.471398294 -0 -0.956940293 -0.290284812 -0 -0.956940293 -0.290284812 -0 -0.956940293 -0.290284812 -0 -0.956940293 -0.290284812 -0 -0.995184779 -0.0980163142 -0 -0.995184779 -0.0980163142 -0 -0.995184779 -0.0980163142 -0 -0.995184779 -0.0980163142 -1.70671142e-14 1.98254096e-15 -1 -1.70671142e-14 1.98254096e-15 -1 -1.70671142e-14 1.98254096e-15 -1 -0 -0 -1 0 0.773009717 -0.634394228 0 0.773009717 -0.634394228 0 0.773009717 -0.634394228 0 0.881922007 -0.471395344 0 0.881922007 -0.471395344 0 0.881922007 -0.471395344 -0 0.881922007 -0.471395344 0 0.980785131 -0.19509092 0 0.980785131 -0.19509092 0 0.980785131 -0.19509092 0.0256699212 0.963466942 -0.266594291 0.0256699212 0.963466942 -0.266594291 0.0256699212 0.963466942 -0.266594291 0 0.995184541 -0.0980187431 0 0.995184541 -0.0980187431 0 0.995184541 -0.0980187431 0 0.290284485 -0.956940413 0 0.290284485 -0.956940413 0 0.290284485 -0.956940413 0.199638739 0.115497753 -0.973038852 0.199638739 0.115497753 -0.973038852 0.199638739 0.115497753 -0.973038852 0.0603991151 0.306489497 -0.949955881 0.0603991151 0.306489497 -0.949955881 0.0603991151 0.306489497 -0.949955881 -0.0982959643 0.703682125 -0.703682721 -0.0982959643 0.703682125 -0.703682721 -0.0982959643 0.703682125 -0.703682721 0.132662699 0.521450818 -0.842905521 0.132662699 0.521450818 -0.842905521 0.132662699 0.521450818 -0.842905521 0.0417518914 0.654092252 -0.7552616 0.0417518914 0.654092252 -0.7552616 0.0417518914 0.654092252 -0.7552616 0 0.098016277 -0.995184839 0 0.098016277 -0.995184839 0 0.098016277 -0.995184839 -0.0734595731 0.289500207 -0.954354942 -0.0734595731 0.289500207 -0.954354942 -0.0734595731 0.289500207 -0.954354942 -0.0603991821 0.306489497 -0.949955881 -0.0603991821 0.306489497 -0.949955881 -0.0603991821 0.306489497 -0.949955881 -5.85503012e-15 0.881922007 -0.471395344 -5.85503012e-15 0.881922007 -0.471395344 -5.85503012e-15 0.881922007 -0.471395344 -0.0349548161 0.789396584 -0.612887621 -0.0349548161 0.789396584 -0.612887621 -0.0349548161 0.789396584 -0.612887621 -0.048177965 0.772112906 -0.633656502 -0.048177965 0.772112906 -0.633656502 -0.048177965 0.772112906 -0.633656502 -0 0.634393394 -0.773010373 -0 0.634393394 -0.773010373 -0 0.634393394 -0.773010373 0 0.471395791 -0.881921768 0 0.471395791 -0.881921768 0 0.471395791 -0.881921768 -3.60551687e-15 0.956940413 -0.290284425 -3.60551687e-15 0.956940413 -0.290284425 -3.60551687e-15 0.956940413 -0.290284425 -0.0147232078 0.980678856 -0.195069775 -0.0147232078 0.980678856 -0.195069775 -0.0147232078 0.980678856 -0.195069775 0 0.995184541 -0.0980187431 0 0.995184541 -0.0980187431 0 0.995184541 -0.0980187431 0 0.0980160907 -0.995184839 0 0.0980160907 -0.995184839 0 0.0980160907 -0.995184839 -0 0.0980160907 -0.995184839 0 0.290284097 -0.956940532 0 0.290284097 -0.956940532 0 0.290284097 -0.956940532 -0 0.290284097 -0.956940532 0 0.471397758 -0.881920695 0 0.471397758 -0.881920695 0 0.471397758 -0.881920695 -0 0.471397758 -0.881920695 0 0.634393036 -0.773010671 0 0.634393036 -0.773010671 0 0.634393036 -0.773010671 -0 0.634393036 -0.773010671 0 0.773011029 -0.63439256 0 0.773011029 -0.63439256 0 0.773011029 -0.63439256 -0 0.773011029 -0.63439256 0 0.881920457 -0.471398294 0 0.881920457 -0.471398294 0 0.881920457 -0.471398294 -0 0.881920457 -0.471398294 0 0.956940293 -0.290284812 0 0.956940293 -0.290284812 0 0.956940293 -0.290284812 -0 0.956940293 -0.290284812 0 0.995184779 -0.0980163142 0 0.995184779 -0.0980163142 0 0.995184779 -0.0980163142 -0 0.995184779 -0.0980163142 -0 -0 -1 -0 -0 -1 -0 -0 -1 -0 -0 -1 0.19509092 -0.980785131 -3.45771634e-16 0.19509092 -0.980785131 -3.45771634e-16 0.19509092 -0.980785131 -3.45771634e-16 0.980785251 -0.195090458 -8.57339221e-16 0.980785251 -0.195090458 -8.57339221e-16 0.980785251 -0.195090458 -8.57339221e-16 0.965925574 -0.258819163 0.000684156199 0.965925574 -0.258819163 0.000684156199 0.965925574 -0.258819163 0.000684156199 0.881921291 -0.471396714 -0.000114742652 0.881921291 -0.471396714 -0.000114742652 0.881921291 -0.471396714 -0.000114742652 0.849201858 -0.528068423 -8.09103712e-16 0.849201858 -0.528068423 -8.09103712e-16 0.849201858 -0.528068423 -8.09103712e-16 0.707107067 -0.707106471 -7.23484457e-16 0.707107067 -0.707106471 -7.23484457e-16 0.707107067 -0.707106471 -7.23484457e-16 0.683592618 -0.729863703 0.000342260842 0.683592618 -0.729863703 0.000342260842 0.683592618 -0.729863703 0.000342260842 0.471395344 -0.881922007 -0.000114745337 0.471395344 -0.881922007 -0.000114745337 0.471395344 -0.881922007 -0.000114745337 0.442286283 -0.896873951 -5.37091839e-16 0.442286283 -0.896873951 -5.37091839e-16 0.442286283 -0.896873951 -5.37091839e-16 0.19509092 -0.980785131 -3.45771634e-16 0.0576452054 -0.955349147 -0.289801776 0.0576452054 -0.955349147 -0.289801776 0.0576452054 -0.955349147 -0.289801776 0.15197511 -0.627023876 -0.764031827 0.15197511 -0.627023876 -0.764031827 0.15197511 -0.627023876 -0.764031827 0.962637246 -0.191480324 -0.191480637 0.962637246 -0.191480324 -0.191480637 0.962637246 -0.191480324 -0.191480637 0.816084445 -0.191480458 -0.545290172 0.816084445 -0.191480458 -0.545290172 0.816084445 -0.191480458 -0.545290172 0.816084504 -0.191480622 -0.545290053 0.545290232 -0.191480637 -0.816084385 0.545290232 -0.191480637 -0.816084385 0.545290232 -0.191480637 -0.816084385 0.545290172 -0.191480458 -0.816084504 0.191480145 -0.191480309 -0.962637365 0.191480145 -0.191480309 -0.962637365 0.191480145 -0.191480309 -0.962637365 0.191480324 -0.191480592 -0.962637246 0.151975453 -0.627024114 -0.764031529 0.432789207 -0.627024055 -0.647714734 0.432789207 -0.627024055 -0.647714734 0.432789207 -0.627024055 -0.647714734 0.432789057 -0.627023876 -0.647714972 0.647714794 -0.627023995 -0.432789177 0.647714794 -0.627023995 -0.432789177 0.647714794 -0.627023995 -0.432789177 0.647714794 -0.627023935 -0.432789266 0.962637246 -0.191480592 -0.191480443 0.868656576 -0.464306563 -0.172786534 0.868656576 -0.464306563 -0.172786534 0.868656576 -0.464306563 -0.172786534 0.74199295 -0.63243711 -0.222418025 0.74199295 -0.63243711 -0.222418025 0.74199295 -0.63243711 -0.222418025 0.700214803 -0.700214267 -0.139281064 0.700214803 -0.700214267 -0.139281064 0.700214803 -0.700214267 -0.139281064 0.469336629 -0.878070414 -0.0933566391 0.469336629 -0.878070414 -0.0933566391 0.469336629 -0.878070414 -0.0933566391 0.0576450489 -0.955349088 -0.289801896 0.164159492 -0.955349088 -0.245682165 0.164159492 -0.955349088 -0.245682165 0.164159492 -0.955349088 -0.245682165 0.164159521 -0.955349147 -0.24568212 0.245682091 -0.955349147 -0.164159551 0.245682091 -0.955349147 -0.164159551 0.245682091 -0.955349147 -0.164159551 0.245682091 -0.955349147 -0.164159507 0.246578306 -0.955471158 -0.162092581 0.246578306 -0.955471158 -0.162092581 0.246578306 -0.955471158 -0.162092581 0.194944203 -0.980047524 -0.0387766734 0.194944203 -0.980047524 -0.0387766734 0.194944203 -0.980047524 -0.0387766734 0 -0.995184779 -0.0980163142 0 -0.995184779 -0.0980163142 0 -0.995184779 -0.0980163142 -0 -0.995184779 -0.0980163142 0 -0.956940293 -0.290284812 0 -0.956940293 -0.290284812 0 -0.956940293 -0.290284812 -0 -0.956940293 -0.290284812 0 -0.881920457 -0.471398294 0 -0.881920457 -0.471398294 0 -0.881920457 -0.471398294 -0 -0.881920457 -0.471398294 0 -0.773011029 -0.63439256 0 -0.773011029 -0.63439256 0 -0.773011029 -0.63439256 -0 -0.773011029 -0.63439256 0 -0.634393036 -0.773010671 0 -0.634393036 -0.773010671 0 -0.634393036 -0.773010671 -0 -0.634393036 -0.773010671 0 -0.471397758 -0.881920695 0 -0.471397758 -0.881920695 0 -0.471397758 -0.881920695 -0 -0.471397758 -0.881920695 0 -0.290284097 -0.956940532 0 -0.290284097 -0.956940532 0 -0.290284097 -0.956940532 -1.63289893e-14 -0.290284097 -0.956940532 -1.69849334e-14 -0.0980160907 -0.995184839 -1.69849334e-14 -0.0980160907 -0.995184839 -1.69849334e-14 -0.0980160907 -0.995184839 -1.69912268e-14 -0.0980160907 -0.995184839 0.471395284 -0.881922066 -4.28886398e-16 0.471395284 -0.881922066 -4.28886398e-16 0.471395284 -0.881922066 -4.28886398e-16 0.19509095 -0.980785131 -1.77312438e-16 0.19509095 -0.980785131 -1.77312438e-16 0.19509095 -0.980785131 -1.77312438e-16 0.2819013 -0.959399998 -0.00912911911 0.2819013 -0.959399998 -0.00912911911 0.2819013 -0.959399998 -0.00912911911 0.0980187953 -0.995184541 -8.09692889e-17 0.0980187953 -0.995184541 -8.09692889e-17 0.0980187953 -0.995184541 -8.09692889e-17 0.956940353 -0.290284574 -1.03751679e-15 0.956940353 -0.290284574 -1.03751679e-15 0.956940353 -0.290284574 -1.03751679e-15 0.994243324 -0.101348348 -0.0347668827 0.994243324 -0.101348348 -0.0347668827 0.994243324 -0.101348348 -0.0347668827 0.955904663 -0.293452829 -0.0114772553 0.955904663 -0.293452829 -0.0114772553 0.955904663 -0.293452829 -0.0114772553 0.88192153 -0.471396238 -4.50951659e-16 0.88192153 -0.471396238 -4.50951659e-16 0.88192153 -0.471396238 -4.50951659e-16 0.634393156 -0.773010552 -3.26699364e-16 0.634393156 -0.773010552 -3.26699364e-16 0.634393156 -0.773010552 -3.26699364e-16 0.76029706 -0.648866236 -0.0303477887 0.76029706 -0.648866236 -0.0303477887 0.76029706 -0.648866236 -0.0303477887 0.628318489 -0.777890861 -0.0100820782 0.628318489 -0.777890861 -0.0100820782 0.628318489 -0.777890861 -0.0100820782 -0 0.995184839 0.0980157703 -0 0.995184839 0.0980157703 -0 0.995184839 0.0980157703 -0 0.995184839 0.0980157703 -0 0.956940055 0.290285558 -0 0.956940055 0.290285558 -0 0.956940055 0.290285558 -0 0.956940055 0.290285558 -0 0.881921887 0.471395582 -0 0.881921887 0.471395582 -0 0.881921887 0.471395582 -0 0.881921887 0.471395582 -0 0.773010314 0.634393454 -0 0.773010314 0.634393454 -0 0.773010314 0.634393454 -0 0.773010314 0.634393454 -0 0.634392738 0.77301091 -0 0.634392738 0.77301091 -0 0.634392738 0.77301091 -0 0.634392738 0.77301091 -0 0.471396506 0.881921411 -0 0.471396506 0.881921411 -0 0.471396506 0.881921411 2.71794424e-14 0.471396506 0.881921411 2.94786304e-14 0.290284932 0.956940234 2.94786304e-14 0.290284932 0.956940234 2.94786304e-14 0.290284932 0.956940234 -0 0.290284932 0.956940234 -0 0.0980170518 0.99518472 -0 0.0980170518 0.99518472 -0 0.0980170518 0.99518472 -0 0.0980170518 0.99518472 0.34202075 0 -0.939692378 0.34202075 0 -0.939692378 0.34202075 0 -0.939692378 0.34202075 -0 -0.939692378 -1 0 7.04456285e-16 -1 0 7.04456285e-16 -1 0 7.04456285e-16 -1 -0 7.04456285e-16 -0 1 2.26566781e-16 -0 1 2.26566781e-16 -0 1 2.26566781e-16 6.61220865e-16 1 2.16840421e-16 0 1 0 0 1 0 0 1 0 -0 1 2.27504712e-16 -0 1 2.27504712e-16 0 1 0 -0.342020333 0.939692557 4.86123802e-16 -0.342020333 0.939692557 4.86123802e-16 -0.342020333 0.939692557 4.86123802e-16 -0.342020333 0.939692557 4.86123802e-16 1 0 -8.8057037e-16 1 0 -8.8057037e-16 1 0 -8.8057037e-16 1 -0 -8.8057037e-16 0 -1 0 0 -1 0 0 -1 0 -6.61220865e-16 -1 -2.16840421e-16 -0 -1 -2.26566781e-16 -0 -1 -2.26566781e-16 0 -1 0 0 -1 0 0 -1 0 0 -1 0 0.995184779 0.0980168656 -1.07898138e-15 0.995184779 0.0980168656 -1.07898138e-15 0.995184779 0.0980168656 -1.07898138e-15 0.956872821 0.2902641 -0.0118792299 0.956872821 0.2902641 -0.0118792299 0.956872821 0.2902641 -0.0118792299 0.955904663 0.293452829 -0.0114772553 0.955904663 0.293452829 -0.0114772553 0.955904663 0.293452829 -0.0114772553 0.471395284 0.881922066 -4.28437338e-16 0.471395284 0.881922066 -4.28437338e-16 0.471395284 0.881922066 -4.28437338e-16 0.628318489 0.777890861 -0.0100820782 0.628318489 0.777890861 -0.0100820782 0.628318489 0.777890861 -0.0100820782 0.634355128 0.772964239 -0.0109485183 0.634355128 0.772964239 -0.0109485183 0.634355128 0.772964239 -0.0109485183 0.773010075 0.634393752 -7.91671615e-16 0.773010075 0.634393752 -7.91671615e-16 0.773010075 0.634393752 -7.91671615e-16 0.88192153 0.471396238 -9.08342674e-16 0.88192153 0.471396238 -9.08342674e-16 0.88192153 0.471396238 -9.08342674e-16 0.290284336 0.956940413 -2.63830911e-16 0.290284336 0.956940413 -2.63830911e-16 0.290284336 0.956940413 -2.63830911e-16 0.195088699 0.980773866 -0.00479768636 0.195088699 0.980773866 -0.00479768636 0.195088699 0.980773866 -0.00479768636 0.0980187953 0.995184541 -8.03727726e-17 0.0980187953 0.995184541 -8.03727726e-17 0.0980187953 0.995184541 -8.03727726e-17 -0.342020333 -0.939692557 5.85548516e-17 -0.342020333 -0.939692557 5.85548516e-17 -0.342020333 -0.939692557 5.85548516e-17 -0.342020333 -0.939692557 5.85548516e-17 0 -0.0980170518 0.99518472 0 -0.0980170518 0.99518472 0 -0.0980170518 0.99518472 -0 -0.0980170518 0.99518472 0 -0.290284932 0.956940234 0 -0.290284932 0.956940234 0 -0.290284932 0.956940234 -0 -0.290284932 0.956940234 0 -0.471396506 0.881921411 0 -0.471396506 0.881921411 0 -0.471396506 0.881921411 -0 -0.471396506 0.881921411 0 -0.634392738 0.77301091 0 -0.634392738 0.77301091 0 -0.634392738 0.77301091 -0 -0.634392738 0.77301091 0 -0.773010314 0.634393454 0 -0.773010314 0.634393454 0 -0.773010314 0.634393454 -0 -0.773010314 0.634393454 0 -0.881921887 0.471395582 0 -0.881921887 0.471395582 0 -0.881921887 0.471395582 -0 -0.881921887 0.471395582 0 -0.956940055 0.290285558 0 -0.956940055 0.290285558 0 -0.956940055 0.290285558 -0 -0.956940055 0.290285558 0 -0.995184839 0.0980157703 0 -0.995184839 0.0980157703 0 -0.995184839 0.0980157703 -0 -0.995184839 0.0980157703 0.340565294 0.0921567753 -0.935693562 0.340565294 0.0921567753 -0.935693562 0.340565294 0.0921567753 -0.935693562 0.340565115 0.0921570808 -0.935693562 0.340565085 0.272931188 -0.89973551 0.340565085 0.272931188 -0.89973551 0.340565085 0.272931188 -0.89973551 0.340564698 0.272931933 -0.899735451 0.340564698 0.443218112 -0.829200447 0.340564698 0.443218112 -0.829200447 0.340564698 0.443218112 -0.829200447 0.340564609 0.443218231 -0.829200447 0.340564549 0.5964697 -0.726800978 0.340564549 0.5964697 -0.726800978 0.340564549 0.5964697 -0.726800978 0.340564162 0.596470296 -0.72680068 0.340564191 0.726801395 -0.596469402 0.340564191 0.726801395 -0.596469402 0.340564191 0.726801395 -0.596469402 0.340565562 0.726799488 -0.596470952 0.340565443 0.82919997 -0.443218499 0.340565443 0.82919997 -0.443218499 0.340565443 0.82919997 -0.443218499 0.340564698 0.829200804 -0.443217486 0.340564698 0.899735451 -0.272931904 0.340564698 0.899735451 -0.272931904 0.340564698 0.899735451 -0.272931904 0.340564847 0.899735272 -0.272932172 0.340564668 0.935693741 -0.0921570063 0.340564668 0.935693741 -0.0921570063 0.340564668 0.935693741 -0.0921570063 0.340564698 0.935693741 -0.0921570957 0 -7.70988235e-16 1 0 -7.70988235e-16 1 0 -7.70988235e-16 1 -0 -7.70988235e-16 1 -1 -6.26930352e-31 8.13151682e-16 -1 -6.26930352e-31 8.13151682e-16 -1 -6.26930352e-31 8.13151682e-16 -1 -0 8.13151682e-16 -1 0 0 -1 0 0 -1 0 0 -1 0 0 -1 0 0 -1 0 0 -1 9.02473834e-17 9.16306902e-16 -1 9.02473834e-17 9.16306902e-16 -1 0 0 -1 0 0 -1 -7.43437059e-16 1.39086897e-15 -1 -7.43437059e-16 1.39086897e-15 -1 -7.43437059e-16 1.39086897e-15 -1 2.27854573e-15 -2.24415265e-16 -1 -8.51185018e-15 6.98550062e-15 -1 -0 -0 -1 0 0 -1 -3.40178278e-16 1.12141995e-15 -1 3.40178278e-16 1.12141995e-15 -1 7.43437059e-16 1.39086897e-15 -1 1.45249062e-15 1.76986624e-15 -1 2.87411959e-15 2.3587246e-15 -1 6.43203066e-15 3.43800657e-15 -1 -2.14953533e-14 -2.11708961e-15 -1 -8.67361738e-16 8.67361685e-16 -1 0 0 -1 -0 0 -1 -0 0 -1 -0 0 -1 -0 -0 -1 0 0 -1 0 0 0 0.0980170518 0.99518472 0 0.0980170518 0.99518472 0 0.0980170518 0.99518472 -0 0.0980170518 0.99518472 0 0.290284932 0.956940234 0 0.290284932 0.956940234 0 0.290284932 0.956940234 -0 0.290284932 0.956940234 0 0.471396506 0.881921411 0 0.471396506 0.881921411 0 0.471396506 0.881921411 -0 0.471396506 0.881921411 0 0.634392738 0.77301091 0 0.634392738 0.77301091 0 0.634392738 0.77301091 -0 0.634392738 0.77301091 0 0.773010314 0.634393454 0 0.773010314 0.634393454 0 0.773010314 0.634393454 -0 0.773010314 0.634393454 0 0.881921887 0.471395582 0 0.881921887 0.471395582 0 0.881921887 0.471395582 -0 0.881921887 0.471395582 0 0.956940055 0.290285558 0 0.956940055 0.290285558 0 0.956940055 0.290285558 -0 0.956940055 0.290285558 0 0.995184839 0.0980157703 0 0.995184839 0.0980157703 0 0.995184839 0.0980157703 -0 0.995184839 0.0980157703 -0.067875199 0.937525511 -0.341231465 -0.067875199 0.937525511 -0.341231465 -0.067875199 0.937525511 -0.341231465 -0.0678753331 0.937525511 -0.341231406 -0.193291739 0.937525451 -0.289282382 -0.193291739 0.937525451 -0.289282382 -0.193291739 0.937525451 -0.289282382 -0.193293706 0.93752569 -0.289280385 -0.289282233 0.937525511 -0.193291724 -0.289282233 0.937525511 -0.193291724 -0.289282233 0.937525511 -0.193291724 -0.289282769 0.93752563 -0.193290368 -0.341231525 0.937525511 -0.0678748265 -0.341231525 0.937525511 -0.0678748265 -0.341231525 0.937525511 -0.0678748265 -0.341231555 0.937525392 -0.0678763464 0 0 1 0 0 1 0 0 1 -0 -0 1 0 -0.995184839 0.0980157703 0 -0.995184839 0.0980157703 0 -0.995184839 0.0980157703 -0 -0.995184839 0.0980157703 0 -0.956940055 0.290285558 0 -0.956940055 0.290285558 0 -0.956940055 0.290285558 -0 -0.956940055 0.290285558 0 -0.881921887 0.471395582 0 -0.881921887 0.471395582 0 -0.881921887 0.471395582 -0 -0.881921887 0.471395582 0 -0.773010314 0.634393454 0 -0.773010314 0.634393454 0 -0.773010314 0.634393454 -0 -0.773010314 0.634393454 0 -0.634392738 0.77301091 0 -0.634392738 0.77301091 0 -0.634392738 0.77301091 -0 -0.634392738 0.77301091 0 -0.471396506 0.881921411 0 -0.471396506 0.881921411 0 -0.471396506 0.881921411 -0 -0.471396506 0.881921411 0 -0.290284932 0.956940234 0 -0.290284932 0.956940234 0 -0.290284932 0.956940234 -0 -0.290284932 0.956940234 0 -0.0980170518 0.99518472 0 -0.0980170518 0.99518472 0 -0.0980170518 0.99518472 -0 -0.0980170518 0.99518472 1 0 0 1 0 0 1 0 0 1 2.14679378e-15 -2.32856239e-15 1 2.14679378e-15 -2.32856239e-15 1 2.14679378e-15 -2.32856239e-15 1 1.59375703e-14 -1.30796312e-14 1 1.59375703e-14 -1.30796312e-14 1 1.59375703e-14 -1.30796312e-14 1 -4.13021934e-17 -8.67361685e-16 1 -4.13021934e-17 -8.67361685e-16 1 3.40178278e-16 -1.12141995e-15 1 0 -8.58326755e-16 1 0 -8.58326755e-16 1 -0 -8.58326755e-16 1 8.61460962e-17 -8.74656703e-16 1 3.24716724e-16 -1.07044657e-15 1 7.09640127e-16 -1.3276441e-15 1 -3.53196349e-15 3.47863144e-16 1 -9.52462715e-15 5.09104113e-15 1 -9.52462715e-15 5.09104113e-15 1 -9.52462715e-15 5.09104113e-15 1 7.63869717e-16 -8.13151576e-16 1 9.16306372e-16 9.02475356e-17 1 1.12141985e-15 3.40179178e-16 1 -1.09228244e-15 -2.97286309e-15 1 8.84931425e-16 7.26243084e-16 1 1.17935849e-15 1.43705355e-15 1 8.76348175e-16 -1.63952745e-15 1 -1.97296538e-14 -5.98494507e-15 1 -1.97296538e-14 -5.98494507e-15 1 -6.13973145e-15 -3.28174445e-15 1 -2.74345777e-15 -2.25149849e-15 1 -1.38646429e-15 -1.6894141e-15 1 -7.09640127e-16 -1.3276441e-15 1 -3.24716724e-16 -1.07044657e-15 0 0 1 0 0 1 0 0 1 -0 -0 1 0 1 -0 0 1 -0 0 1 -0 -6.61218747e-16 1 2.16840421e-16 -0 1 2.26566781e-16 -2.4431145e-17 1 2.27504712e-16 0 1 0 0 1 -0 0 1 -0 0 1 -0 -0.340564877 0.935693681 -0.0921569988 -0.340564877 0.935693681 -0.0921569988 -0.340564877 0.935693681 -0.0921569988 -0.340564817 0.935693681 -0.0921570957 -0.340565026 0.899735332 -0.272931874 -0.340565026 0.899735332 -0.272931874 -0.340565026 0.899735332 -0.272931874 -0.340564847 0.899735272 -0.272932172 -0.340564817 0.829200149 -0.443218589 -0.340564817 0.829200149 -0.443218589 -0.340564817 0.829200149 -0.443218589 -0.340565532 0.829200506 -0.443217337 -0.340565771 0.726800978 -0.596469045 -0.340565771 0.726800978 -0.596469045 -0.340565771 0.726800978 -0.596469045 -0.34056443 0.726799846 -0.59647119 -0.340564311 0.59646976 -0.726801038 -0.340564311 0.59646976 -0.726801038 -0.340564311 0.59646976 -0.726801038 -0.340564668 0.596470237 -0.726800501 -0.340564758 0.443218112 -0.829200447 -0.340564758 0.443218112 -0.829200447 -0.340564758 0.443218112 -0.829200447 -0.340564847 0.443218201 -0.829200327 -0.340564817 0.272931218 -0.89973563 -0.340564817 0.272931218 -0.89973563 -0.340564817 0.272931218 -0.89973563 -0.340565234 0.272931874 -0.899735272 -0.340565264 0.0921567753 -0.935693562 -0.340565264 0.0921567753 -0.935693562 -0.340565264 0.0921567753 -0.935693562 -0.340565413 0.0921570733 -0.935693443 6.67201301e-17 -1 -1.76114071e-16 6.67201301e-17 -1 -1.76114071e-16 6.67201301e-17 -1 -1.76114071e-16 6.67201301e-17 -1 -1.76114071e-16 -0 -1 -2.26566781e-16 -0 -1 -2.26566781e-16 -0 -1 -2.26566781e-16 6.61218747e-16 -1 -2.16840421e-16 0 -1 -0 0 -1 0 0 -1 0 -0 -1 -2.27504712e-16 -0 -1 -2.27504712e-16 0 -1 0 -0.340565443 -0.0921567753 -0.935693502 -0.340565443 -0.0921567753 -0.935693502 -0.340565443 -0.0921567753 -0.935693502 -0.340565264 -0.0921570808 -0.935693502 -0.340565264 -0.272931159 -0.899735451 -0.340565264 -0.272931159 -0.899735451 -0.340565264 -0.272931159 -0.899735451 -0.340564847 -0.272931904 -0.899735391 -0.340564847 -0.443218082 -0.829200387 -0.340564847 -0.443218082 -0.829200387 -0.340564847 -0.443218082 -0.829200387 -0.340564787 -0.443218201 -0.829200387 -0.340564698 -0.5964697 -0.726800919 -0.340564698 -0.5964697 -0.726800919 -0.340564698 -0.5964697 -0.726800919 -0.340564311 -0.596470296 -0.726800621 -0.34056437 -0.726801336 -0.596469343 -0.34056437 -0.726801336 -0.596469343 -0.34056437 -0.726801336 -0.596469343 -0.340565711 -0.726799488 -0.596470892 -0.340565592 -0.82919991 -0.44321847 -0.340565592 -0.82919991 -0.44321847 -0.340565592 -0.82919991 -0.44321847 -0.340564877 -0.829200745 -0.443217456 -0.340564847 -0.899735391 -0.272931874 -0.340564847 -0.899735391 -0.272931874 -0.340564847 -0.899735391 -0.272931874 -0.340564996 -0.899735272 -0.272932172 -0.340564817 -0.935693681 -0.0921569988 -0.340564817 -0.935693681 -0.0921569988 -0.340564817 -0.935693681 -0.0921569988 -0.340564877 -0.935693681 -0.0921570957 0 0.939692795 -0.342019677 0 0.939692795 -0.342019677 0 0.939692795 -0.342019677 1.01833689e-06 0.939692616 -0.342020243 0 0.939692318 -0.342021048 -0.342020899 -0 -0.939692318 -0.342020899 -0 -0.939692318 -0.342020899 -0 -0.939692318 -0.342020899 1.86297866e-15 -0.939692318 -0.341231585 -0.937525451 -0.0678748339 -0.341231585 -0.937525451 -0.0678748339 -0.341231585 -0.937525451 -0.0678748339 -0.341230989 -0.93752557 -0.0678762347 -0.289282173 -0.93752557 -0.193291694 -0.289282173 -0.93752557 -0.193291694 -0.289282173 -0.93752557 -0.193291694 -0.289283216 -0.937525451 -0.193290666 -0.193291679 -0.937525511 -0.289282322 -0.193291679 -0.937525511 -0.289282322 -0.193291679 -0.937525511 -0.289282322 -0.193294302 -0.937525272 -0.289281249 -0.067875199 -0.937525511 -0.341231465 -0.067875199 -0.937525511 -0.341231465 -0.067875199 -0.937525511 -0.341231465 -0.067875348 -0.937525451 -0.341231465 0 -0.939692616 -0.342020243 0 -0.939692616 -0.342020243 0 -0.939692616 -0.342020243 1.69722864e-06 -0.939692795 -0.342019677 0 -0.939692318 -0.342021048 0 -0.939692795 -0.342019677 0 -0.939692795 -0.342019677 0 -0.939692795 -0.342019677 -1.01833507e-06 -0.939692616 -0.342020243 0 -0.939692318 -0.342021048 0.340564728 -0.935693741 -0.0921570063 0.340564728 -0.935693741 -0.0921570063 0.340564728 -0.935693741 -0.0921570063 0.340564668 -0.935693741 -0.0921571031 0.340564877 -0.899735391 -0.272931874 0.340564877 -0.899735391 -0.272931874 0.340564877 -0.899735391 -0.272931874 0.340564698 -0.899735332 -0.272932202 0.340564668 -0.829200208 -0.443218619 0.340564668 -0.829200208 -0.443218619 0.340564668 -0.829200208 -0.443218619 0.340565383 -0.829200566 -0.443217367 0.340565622 -0.726800978 -0.596469045 0.340565622 -0.726800978 -0.596469045 0.340565622 -0.726800978 -0.596469045 0.340564281 -0.726799846 -0.59647125 0.340564132 -0.59646982 -0.726801097 0.340564132 -0.59646982 -0.726801097 0.340564132 -0.59646982 -0.726801097 0.340564519 -0.596470237 -0.726800561 0.340564609 -0.443218142 -0.829200506 0.340564609 -0.443218142 -0.829200506 0.340564609 -0.443218142 -0.829200506 0.340564668 -0.443218231 -0.829200387 0.340564668 -0.272931218 -0.89973563 0.340564668 -0.272931218 -0.89973563 0.340564668 -0.272931218 -0.89973563 0.340565085 -0.272931904 -0.899735332 0.340565115 -0.0921567827 -0.935693622 0.340565115 -0.0921567827 -0.935693622 0.340565115 -0.0921567827 -0.935693622 0.340565264 -0.0921570808 -0.935693502 0.0678751171 -0.937525511 -0.341231465 0.0678751171 -0.937525511 -0.341231465 0.0678751171 -0.937525511 -0.341231465 0.0678763837 -0.93752557 -0.341230929 0.193292052 -0.937525511 -0.289282024 0.193292052 -0.937525511 -0.289282024 0.193292052 -0.937525511 -0.289282024 0.193291739 -0.937525451 -0.289282352 0.289282084 -0.937525511 -0.193292037 0.289282084 -0.937525511 -0.193292037 0.289282084 -0.937525511 -0.193292037 0.289282233 -0.937525511 -0.193291649 0.341231406 -0.937525511 -0.0678752139 0.341231406 -0.937525511 -0.0678752139 0.341231406 -0.937525511 -0.0678752139 0.341231406 -0.937525511 -0.067875497 0.342020184 -0.939692616 -4.86123696e-16 0.342020184 -0.939692616 -4.86123696e-16 0.342020184 -0.939692616 -4.86123696e-16 0.342020184 -0.939692616 -5.05576496e-16 1.58905964e-15 -1 -2.05418127e-30 1.58905964e-15 -1 -2.05418127e-30 1.58905964e-15 -1 -2.05418127e-30 1.58905964e-15 -1 -1.94374141e-30 -1 -1.58905964e-15 1.29270251e-15 -1 -1.58905964e-15 1.29270251e-15 -1 -1.58905964e-15 1.29270251e-15 -1 -1.58905964e-15 1.29270251e-15 -1.58905964e-15 1 1.98791743e-30 -1.58905964e-15 1 1.98791743e-30 -1.58905964e-15 1 1.98791743e-30 -1.58905964e-15 1 2.05418127e-30 1 1.58905964e-15 -1.25100244e-15 1 1.58905964e-15 -1.25100244e-15 1 1.58905964e-15 -1.25100244e-15 1 1.58905964e-15 -1.25100244e-15 -0 0 -1 -0 0 -1 -0 0 -1 -0 0 -1 1.48376752e-15 -1 -1.91305349e-30 1.48376752e-15 -1 -1.91305349e-30 1.48376752e-15 -1 -1.91305349e-30 1.48376752e-15 -1 -1.85508205e-30 -0.866025388 -0.5 1.11658519e-15 -0.866025388 -0.5 1.11658519e-15 -0.866025388 -0.5 1.11658519e-15 -0.866025388 -0.5 1.04431836e-15 -0.866025388 0.5 1.08560984e-15 -0.866025388 0.5 1.08560984e-15 -0.866025388 0.5 1.08560984e-15 -0.866025388 0.5 1.10958828e-15 -1.48376752e-15 1 1.91305349e-30 -1.48376752e-15 1 1.91305349e-30 -1.48376752e-15 1 1.91305349e-30 -1.48376752e-15 1 1.85508205e-30 -0.998533428 0.0541388243 1.29027099e-15 -0.998533428 0.0541388243 1.29027099e-15 -0.998533428 0.0541388243 1.29027099e-15 -0.998533428 -0.0541388243 1.28356207e-15 -0.998533428 -0.0541388243 1.28356207e-15 -0.998533428 -0.0541388243 1.28356207e-15 -0.998533428 -0.0541388243 1.28667396e-15 -0.976620555 -0.214970484 1.25778209e-15 -0.976620555 -0.214970484 1.25778209e-15 -0.976620555 -0.214970484 1.25778209e-15 -0.976620555 -0.214970484 1.2578381e-15 -0.907575369 -0.419889152 1.16607267e-15 -0.907575369 -0.419889152 1.16607267e-15 -0.907575369 -0.419889152 1.16607267e-15 -0.907575369 -0.419889152 1.16968791e-15 -0.796093106 -0.605174184 1.02604521e-15 -0.796093106 -0.605174184 1.02604521e-15 -0.796093106 -0.605174184 1.02604521e-15 -0.796093106 -0.605174184 1.02729119e-15 -0.647386432 -0.762161911 8.34384522e-16 -0.647386432 -0.762161911 8.34384522e-16 -0.647386432 -0.762161911 8.34384522e-16 -0.647386432 -0.762161911 8.34038244e-16 -0.468408197 -0.883512199 6.03708281e-16 -0.468408197 -0.883512199 6.03708281e-16 -0.468408197 -0.883512199 6.03708281e-16 -0.468408197 -0.883512199 6.0349107e-16 -0.267528445 -0.963549972 3.44804243e-16 -0.267528445 -0.963549972 3.44804243e-16 -0.267528445 -0.963549972 3.44804243e-16 -0.267528445 -0.963549972 3.45820762e-16 -0.0541388802 -0.998533428 6.97769331e-17 -0.0541388802 -0.998533428 6.97769331e-17 -0.0541388802 -0.998533428 6.97769331e-17 -0.0541388802 -0.998533428 6.99269902e-17 0.161781758 -0.986826539 -2.07808099e-16 0.161781758 -0.986826539 -2.07808099e-16 0.161781758 -0.986826539 -2.07808099e-16 0.161781758 -0.986826539 -2.05119193e-16 0.370138437 -0.928976595 -4.7382986e-16 0.370138437 -0.928976595 -4.7382986e-16 0.370138437 -0.928976595 -4.7382986e-16 0.370138437 -0.928976595 -4.74655823e-16 0.561187029 -0.827689052 -7.23286304e-16 0.561187029 -0.827689052 -7.23286304e-16 0.561187029 -0.827689052 -7.23286304e-16 0.561187029 -0.827689052 -7.22155145e-16 0.725995421 -0.687699556 -9.35699721e-16 0.725995421 -0.687699556 -9.35699721e-16 0.725995421 -0.687699556 -9.35699721e-16 0.725995421 -0.687699556 -9.35750225e-16 0.856857121 -0.515553892 -1.10436092e-15 0.856857121 -0.515553892 -1.10436092e-15 0.856857121 -0.515553892 -1.10436092e-15 0.856857121 -0.515553892 -1.10527032e-15 0.947653174 -0.319301486 -1.2213835e-15 0.947653174 -0.319301486 -1.2213835e-15 0.947653174 -0.319301486 -1.2213835e-15 0.947653174 -0.319301486 -1.22393423e-15 0.994138002 -0.108118847 -1.28223699e-15 0.994138002 -0.108118847 -1.28223699e-15 0.994138002 -0.108118847 -1.28223699e-15 0.994138002 -0.108118847 -1.28241858e-15 0.994138002 0.108118847 -1.28067686e-15 0.994138002 0.108118847 -1.28067686e-15 0.994138002 0.108118847 -1.28067686e-15 0.994138002 0.108118847 -1.27987578e-15 0.947653174 0.319301486 -1.2186029e-15 0.947653174 0.319301486 -1.2186029e-15 0.947653174 0.319301486 -1.2186029e-15 0.947653174 0.319301486 -1.22054377e-15 0.856857121 0.515553892 -1.10436092e-15 0.856857121 0.515553892 -1.10436092e-15 0.856857121 0.515553892 -1.10436092e-15 0.856857121 0.515553892 -1.10527032e-15 0.725995421 0.687699556 -9.35699721e-16 0.725995421 0.687699556 -9.35699721e-16 0.725995421 0.687699556 -9.35699721e-16 0.725995421 0.687699556 -9.35750225e-16 0.561187029 0.827689052 -7.23286304e-16 0.561187029 0.827689052 -7.23286304e-16 0.561187029 0.827689052 -7.23286304e-16 0.561187029 0.827689052 -7.22155145e-16 0.370138437 0.928976595 -4.77053191e-16 0.370138437 0.928976595 -4.77053191e-16 0.370138437 0.928976595 -4.77053191e-16 0.370138437 0.928976595 -4.71265415e-16 0.161781758 0.986826539 -2.07103672e-16 0.161781758 0.986826539 -2.07103672e-16 0.161781758 0.986826539 -2.07103672e-16 0.161781758 0.986826539 -2.06814383e-16 -0.0541388802 0.998533428 6.95411998e-17 -0.0541388802 0.998533428 6.95411998e-17 -0.0541388802 0.998533428 6.95411998e-17 -0.0541388802 0.998533428 6.99269902e-17 -0.267528445 0.963549972 3.44804243e-16 -0.267528445 0.963549972 3.44804243e-16 -0.267528445 0.963549972 3.44804243e-16 -0.267528445 0.963549972 3.44125584e-16 -0.468408197 0.883512199 6.03708281e-16 -0.468408197 0.883512199 6.03708281e-16 -0.468408197 0.883512199 6.03708281e-16 -0.468408197 0.883512199 6.0349107e-16 -0.647386432 0.762161911 8.34384522e-16 -0.647386432 0.762161911 8.34384522e-16 -0.647386432 0.762161911 8.34384522e-16 -0.647386432 0.762161911 8.34038244e-16 -0.796093106 0.605174184 1.02604521e-15 -0.796093106 0.605174184 1.02604521e-15 -0.796093106 0.605174184 1.02604521e-15 -0.796093106 0.605174184 1.02729119e-15 -0.907575369 0.419889152 1.16972921e-15 -0.907575369 0.419889152 1.16972921e-15 -0.907575369 0.419889152 1.16972921e-15 -0.907575369 0.419889152 1.17307827e-15 -0.976620555 0.214970484 1.26059022e-15 -0.976620555 0.214970484 1.26059022e-15 -0.976620555 0.214970484 1.26059022e-15 -0.976620555 0.214970484 1.26122856e-15 -0.998533428 0.0541388243 1.28719627e-15 -0 -0 1 -0 -0 1 -0 -0 1 0 0 1 0 0 1 0 0 1 0 0 1 -0 -0 1 0 0 1 -0 -0 1 -0 -0 1 -0 -0 1 0 0 1 0 0 1 0 0 1 0 0 1 0 0 1 0 0 1 -0 -0 1 0 -0 1 0 -0 1 0 0 1 0 0 1 -0 -0 1 0 -0 1 0 -0 1 0 -0 1 -0 -0 1 -0 -0 1 0 0 1 0 0 1 -0 0 1 0 0 1 -0 -0 1 0 0 1 -0 0 1 0.866025388 -0.5 -1.08560984e-15 0.866025388 -0.5 -1.08560984e-15 0.866025388 -0.5 -1.08560984e-15 0.866025388 -0.5 -1.10958828e-15 0.866025388 0.5 -1.11658519e-15 0.866025388 0.5 -1.11658519e-15 0.866025388 0.5 -1.11658519e-15 0.866025388 0.5 -1.07695326e-15 1.1673591e-15 -0.707106769 0.707106829 1.1673591e-15 -0.707106769 0.707106829 1.1673591e-15 -0.707106769 0.707106829 1.04918202e-15 -0.707106769 0.707106829 0.612372518 -0.353553414 0.707106709 0.612372518 -0.353553414 0.707106709 0.612372518 -0.353553414 0.707106709 0.612372458 -0.353553385 0.707106769 -0.612372518 -0.353553414 0.707106709 -0.612372518 -0.353553414 0.707106709 -0.612372518 -0.353553414 0.707106709 -0.612372458 -0.353553385 0.707106769 0 0 1 0 0 1 0 0 1 -0 0 1 0 0 1 -0 -0 1 0.612372458 0.353553385 0.707106769 0.612372458 0.353553385 0.707106769 0.612372458 0.353553385 0.707106769 0.612372518 0.353553414 0.707106709 -0.612372458 0.353553385 0.707106769 -0.612372458 0.353553385 0.707106769 -0.612372458 0.353553385 0.707106769 -0.612372518 0.353553414 0.707106709 -1.1673591e-15 0.707106769 0.707106829 -1.1673591e-15 0.707106769 0.707106829 -1.1673591e-15 0.707106769 0.707106829 -1.04918202e-15 0.707106769 0.707106829 0 0 -1 0 0 -1 0 0 -1 0 0 -1 -0 -0 -1 0 0 -1 0 -0 -1 0 -0 -1 0 -0 -1 0 0 -1 -0 -0 -1 -0 0 -1 -0 0 -1 -0 0 -1 -0 -0 -1 0 0 -1 0 -0 -1 0 -0 -1 0 -0 -1 -0 -0 -1 0 0 -1 -0 -0 -1 0 0 -1 0 0 -1 -0 0 -1 -0 -0 -1 0 0 -1 0 0 -1 -0 -0 -1 -0 -0 -1 0 0 -1 -0 -0 -1 0 0 -1 -0 -0 -1 </float_array>
          <technique_common>
            <accessor count="3036" offset="0" source="#meshesQ0S-normals-array" stride="3">
              <param name="X" type="float" />
              <param name="Y" type="float" />
              <param name="Z" type="float" />
            </accessor>
          </technique_common>
        </source>
        <vertices id="meshesQ0S-vertices">
          <input semantic="POSITION" source="#meshesQ0S-positions" />
        </vertices>
        <polylist count="1446" material="defaultMaterial">
          <input offset="0" semantic="VERTEX" source="#meshesQ0S-vertices" />
          <input offset="0" semantic="NORMAL" source="#meshesQ0S-normals" />
          <vcount>3 3 3 3 3 3 3 3 3 3 3 3 3 3 3 3 3 3 3 3 3 3 3 3 3 3 3 3 3 3 3 3 3 3 3 3 3 3 3 3 3 3 3 3 3 3 3 3 3 3 3 3 3 3 3 3 3 3 3 3 3 3 3 3 3 3 3 3 3 3 3 3 3 3 3 3 3 3 3 3 3 3 3 3 3 3 3 3 3 3 3 3 3 3 3 3 3 3 3 3 3 3 3 3 3 3 3 3 3 3 3 3 3 3 3 3 3 3 3 3 3 3 3 3 3 3 3 3 3 3 3 3 3 3 3 3 3 3 3 3 3 3 3 3 3 3 3 3 3 3 3 3 3 3 3 3 3 3 3 3 3 3 3 3 3 3 3 3 3 3 3 3 3 3 3 3 3 3 3 3 3 3 3 3 3 3 3 3 3 3 3 3 3 3 3 3 3 3 3 3 3 3 3 3 3 3 3 3 3 3 3 3 3 3 3 3 3 3 3 3 3 3 3 3 3 3 3 3 3 3 3 3 3 3 3 3 3 3 3 3 3 3 3 3 3 3 3 3 3 3 3 3 3 3 3 3 3 3 3 3 3 3 3 3 3 3 3 3 3 3 3 3 3 3 3 3 3 3 3 3 3 3 3 3 3 3 3 3 3 3 3 3 3 3 3 3 3 3 3 3 3 3 3 3 3 3 3 3 3 3 3 3 3 3 3 3 3 3 3 3 3 3 3 3 3 3 3 3 3 3 3 3 3 3 3 3 3 3 3 3 3 3 3 3 3 3 3 3 3 3 3 3 3 3 3 3 3 3 3 3 3 3 3 3 3 3 3 3 3 3 3 3 3 3 3 3 3 3 3 3 3 3 3 3 3 3 3 3 3 3 3 3 3 3 3 3 3 3 3 3 3 3 3 3 3 3 3 3 3 3 3 3 3 3 3 3 3 3 3 3 3 3 3 3 3 3 3 3 3 3 3 3 3 3 3 3 3 3 3 3 3 3 3 3 3 3 3 3 3 3 3 3 3 3 3 3 3 3 3 3 3 3 3 3 3 3 3 3 3 3 3 3 3 3 3 3 3 3 3 3 3 3 3 3 3 3 3 3 3 3 3 3 3 3 3 3 3 3 3 3 3 3 3 3 3 3 3 3 3 3 3 3 3 3 3 3 3 3 3 3 3 3 3 3 3 3 3 3 3 3 3 3 3 3 3 3 3 3 3 3 3 3 3 3 3 3 3 3 3 3 3 3 3 3 3 3 3 3 3 3 3 3 3 3 3 3 3 3 3 3 3 3 3 3 3 3 3 3 3 3 3 3 3 3 3 3 3 3 3 3 3 3 3 3 3 3 3 3 3 3 3 3 3 3 3 3 3 3 3 3 3 3 3 3 3 3 3 3 3 3 3 3 3 3 3 3 3 3 3 3 3 3 3 3 3 3 3 3 3 3 3 3 3 3 3 3 3 3 3 3 3 3 3 3 3 3 3 3 3 3 3 3 3 3 3 3 3 3 3 3 3 3 3 3 3 3 3 3 3 3 3 3 3 3 3 3 3 3 3 3 3 3 3 3 3 3 3 3 3 3 3 3 3 3 3 3 3 3 3 3 3 3 3 3 3 3 3 3 3 3 3 3 3 3 3 3 3 3 3 3 3 3 3 3 3 3 3 3 3 3 3 3 3 3 3 3 3 3 3 3 3 3 3 3 3 3 3 3 3 3 3 3 3 3 3 3 3 3 3 3 3 3 3 3 3 3 3 3 3 3 3 3 3 3 3 3 3 3 3 3 3 3 3 3 3 3 3 3 3 3 3 3 3 3 3 3 3 3 3 3 3 3 3 3 3 3 3 3 3 3 3 3 3 3 3 3 3 3 3 3 3 3 3 3 3 3 3 3 3 3 3 3 3 3 3 3 3 3 3 3 3 3 3 3 3 3 3 3 3 3 3 3 3 3 3 3 3 3 3 3 3 3 3 3 3 3 3 3 3 3 3 3 3 3 3 3 3 3 3 3 3 3 3 3 3 3 3 3 3 3 3 3 3 3 3 3 3 3 3 3 3 3 3 3 3 3 3 3 3 3 3 3 3 3 3 3 3 3 3 3 3 3 3 3 3 3 3 3 3 3 3 3 3 3 3 3 3 3 3 3 3 3 3 3 3 3 3 3 3 3 3 3 3 3 3 3 3 3 3 3 3 3 3 3 3 3 3 3 3 3 3 3 3 3 3 3 3 3 3 3 3 3 3 3 3 3 3 3 3 3 3 3 3 3 3 3 3 3 3 3 3 3 3 3 3 3 3 3 3 3 3 3 3 3 3 3 3 3 3 3 3 3 3 3 3 3 3 3 3 3 3 3 3 3 3 3 3 3 3 3 3 3 3 3 3 3 3 3 3 3 3 3 3 3 3 3 3 3 3 3 3 3 3 3 3 3 3 3 3 3 3 3 3 3 3 3 3 3 3 3 3 3 3 3 3 3 3 3 3 3 3 3 3 3 3 3 3 3 3 3 3 3 3 3 3 3 3 3 3 3 3 3 3 3 3 3 3 3 3 3 3 3 3 3 3 3 3 3 3 3 3 3 3 3 3 3 3 3 3 3 3 3 3 3 3 3 3 3 3 3 3 3 3 3 3 3 3 3 3 3 3 3 3 3 3 3 3 3 3 3 3 3 3 3 3 3 3 3 3 3 3 3 3 3 3 3 3 3 3 3 3 3 3 3 3 3 3 3 3 3 3 3 3 3 3 3 3 3 3 3 3 3 3 3 3 3 3 3 3 3 3 3 3 3 3 3 3 3 3 3 3 3 3 3 3 3 3 3 3 3 3 3 3 3 3 3 3 3 3 3 3 3 3 3 3 3 3 3 3 3 3 3 3 3 3 3 3 3 3 3 3 3 3 3 3 3 3 3 3 3 3 3 3 3 3 3 3 3 3 3 3 3 3 3 3 3 3 3 3 3 3 3 3 3 3 3 3 3 3 3 3 3 3 3 3 3 3 3 3 3 3 3 3 3 3 3 3 3 3 3 3 3 3 3 3 3 3 3 3 3 3 3 3 3 3 3 3 3 3 3 3 3 3 3 3 3 3 3 3 3 3 3 3 3 3 3 3 3 3 3 3 3 3 3 3 3 3 3 3 3 3 3 3 3 3 3 3 3 3 3 3 3 3 3 3 3 3 3 3 3 3 3 3 3 3 3 3 3 3 3 3 3 3 3 3 3 3 3 3 3 3 3 3 3 3 3 3 3 3 3 3 3 3 3 3 3 </vcount>
          <p>0 1 2 1 3 2 4 5 6 5 7 6 8 9 10 9 11 10 12 13 14 13 15 14 16 17 18 17 19 18 20 21 22 21 23 22 24 25 26 25 27 26 28 29 30 29 31 30 32 33 34 33 35 34 36 37 38 37 39 38 40 41 42 41 43 42 44 45 46 45 47 46 48 49 50 49 51 50 52 53 54 53 55 54 56 57 58 57 59 58 60 61 62 61 63 62 64 65 66 65 67 66 68 69 70 69 71 70 72 73 74 73 75 74 76 77 78 77 79 78 80 81 82 80 82 83 84 85 86 86 85 87 88 89 90 90 89 91 92 93 94 94 93 95 96 97 98 97 99 98 100 101 102 103 104 105 106 107 108 109 110 111 111 110 112 113 114 115 115 114 116 117 118 119 119 118 120 103 105 121 122 123 124 124 123 125 126 127 128 128 127 129 106 130 107 131 132 133 134 135 136 137 138 139 140 141 142 100 102 143 144 145 146 146 145 147 148 149 150 150 149 151 152 153 154 155 156 157 158 159 160 161 162 163 164 165 166 167 168 169 170 171 172 173 174 175 176 177 178 179 180 181 182 183 184 185 186 187 188 189 190 191 192 193 192 194 193 193 194 195 194 196 195 195 196 197 196 198 197 197 198 191 198 192 191 199 200 201 200 202 201 201 202 203 204 205 206 204 206 207 208 209 210 209 211 210 211 212 210 210 212 213 214 215 216 215 217 216 216 217 218 218 217 210 217 219 210 210 219 208 201 220 199 220 206 199 199 206 221 206 205 221 213 222 210 222 223 210 210 223 206 223 224 206 206 224 207 225 226 227 226 228 227 229 230 231 230 232 231 233 234 235 234 236 235 237 238 239 238 240 239 241 242 243 242 244 243 245 246 247 246 248 247 249 250 251 250 252 251 253 254 255 254 256 255 257 258 259 258 260 259 261 262 263 262 264 263 265 266 267 266 268 267 269 270 271 270 272 271 273 274 275 274 276 275 277 278 279 278 280 279 281 282 283 282 284 283 285 286 287 288 289 290 291 292 293 294 295 296 297 298 299 298 300 299 301 302 303 302 304 303 305 306 307 306 308 307 309 310 311 312 313 314 315 316 317 317 316 318 311 310 319 320 321 322 321 323 322 324 325 326 325 327 326 312 328 313 329 330 331 330 332 331 333 334 335 336 337 338 339 340 341 342 343 344 345 346 347 348 349 350 351 352 353 354 355 356 357 358 359 360 361 362 363 364 365 366 367 368 369 370 371 372 373 374 375 376 377 378 379 380 381 382 383 384 385 386 387 388 389 390 391 392 393 394 395 396 397 398 399 400 401 402 403 404 405 406 407 408 409 410 411 412 413 414 415 416 417 418 419 420 421 422 423 424 425 426 427 428 429 430 431 430 432 431 433 434 435 436 437 438 437 439 438 440 433 439 433 435 439 439 435 438 435 441 438 438 441 442 440 443 433 443 444 433 433 444 445 446 447 441 447 448 441 441 448 442 449 450 451 450 452 451 453 454 455 454 456 455 457 458 459 458 460 459 461 462 463 462 464 463 465 466 467 466 468 467 469 470 471 470 472 471 473 474 475 474 476 475 477 478 479 478 480 479 481 482 483 482 484 483 483 484 485 485 486 483 486 487 483 483 487 488 489 490 491 492 493 481 493 494 481 481 494 482 494 489 482 482 489 495 489 491 495 495 491 496 497 498 499 500 501 502 503 504 505 506 507 508 509 510 511 512 513 514 515 516 517 518 519 520 521 522 523 524 525 526 527 528 529 530 531 532 533 534 535 536 537 538 539 540 541 542 543 544 545 546 547 548 549 550 551 552 553 554 555 556 557 558 559 560 561 562 563 564 565 566 567 568 569 570 571 572 573 574 575 576 577 578 579 580 581 582 583 584 585 586 587 588 589 590 591 592 593 594 595 596 597 598 597 599 598 600 601 602 601 595 602 594 603 595 603 604 595 595 604 605 598 606 596 606 607 596 596 607 608 608 609 596 609 610 596 596 610 611 605 612 595 612 613 595 595 613 602 611 614 596 614 615 596 596 615 595 615 616 595 595 616 593 617 618 619 619 620 621 622 623 624 623 625 624 624 625 626 627 628 618 628 629 618 618 629 619 630 631 632 631 617 632 632 617 625 617 619 625 625 619 626 619 621 626 633 634 635 633 635 636 637 638 639 639 638 640 641 642 643 643 642 644 645 646 647 647 646 648 649 650 651 652 653 654 655 656 657 658 659 660 661 662 663 664 665 666 667 668 669 670 671 672 673 674 675 676 677 678 679 680 681 682 683 684 685 686 687 688 689 690 691 692 693 694 695 696 697 698 699 700 701 702 703 704 705 706 707 708 709 710 711 712 713 714 715 716 717 718 719 720 721 722 723 724 725 726 727 728 729 730 731 732 733 734 735 736 737 738 739 740 741 741 740 742 743 744 745 745 744 746 747 748 749 749 748 750 751 752 753 753 752 754 755 756 757 757 756 758 759 760 761 761 760 762 763 764 765 766 767 768 769 770 771 772 773 774 775 776 777 778 779 780 781 782 783 784 785 786 787 788 789 790 791 792 793 794 795 794 796 795 797 798 799 800 801 802 803 804 805 806 807 808 809 810 811 810 812 811 813 814 815 816 817 818 819 820 821 822 823 824 825 826 827 828 829 830 831 832 833 834 835 836 837 838 839 840 841 842 843 844 845 846 847 848 849 850 851 852 853 854 854 853 855 856 857 858 858 857 859 860 861 862 862 861 863 864 865 866 866 865 867 868 869 870 870 869 871 872 873 874 874 873 875 876 877 878 878 877 879 880 881 882 883 884 885 849 886 850 887 888 889 888 890 889 891 892 893 892 894 893 895 896 897 896 898 897 899 900 901 900 902 901 903 904 905 904 906 905 907 908 909 908 910 909 911 912 913 912 914 913 915 916 917 918 919 920 921 922 923 922 924 923 923 924 925 926 927 928 927 929 928 930 931 932 933 934 935 934 936 935 935 936 937 923 938 921 938 935 921 921 935 939 935 937 939 931 930 929 930 940 929 929 940 928 932 941 930 941 942 930 930 942 943 943 944 930 944 945 930 930 945 935 945 946 935 935 946 933 947 948 949 950 951 952 953 954 955 956 957 958 959 960 961 962 963 964 965 966 967 968 969 970 971 972 973 974 975 976 977 978 979 980 981 982 981 983 982 984 985 986 987 988 989 990 991 992 993 994 995 996 997 998 999 1000 1001 1002 1003 1004 1005 1006 1007 1008 1009 1010 1011 1012 1013 1014 1015 1016 1017 1018 1019 1020 1021 1022 1023 1024 1025 1026 1027 1028 1029 1030 1031 1032 1033 1034 1035 1036 1037 1038 1039 1040 1041 1042 1043 1044 1045 1046 1047 1048 1049 1050 1051 1052 1053 1054 1055 1056 1057 1058 1059 1060 1061 1062 1063 1064 1065 1066 1067 1068 1069 1070 1071 1072 1073 1074 1075 1076 1077 1078 1079 1080 1081 1082 1083 1084 1085 1086 1087 1088 1089 1090 1091 1092 1093 1094 1095 1096 1097 1098 1099 1100 1101 1102 1103 1104 1105 1106 1107 1108 1109 1110 1111 1112 1113 1114 1115 1115 1114 1116 1117 1118 1119 1119 1118 1120 1121 1122 1123 1123 1122 1124 1125 1126 1127 1127 1126 1128 1129 1130 1131 1131 1130 1132 1133 1134 1135 1135 1134 1136 1137 1138 1139 1139 1138 1140 1141 1142 1143 1143 1142 1144 1145 1146 1147 1148 1149 1150 1151 1152 1153 1154 1155 1156 1157 1158 1159 1160 1161 1162 1163 1164 1165 1166 1167 1168 1169 1170 1171 1172 1173 1174 1175 1176 1177 1178 1179 1180 1181 1182 1183 1184 1185 1186 1184 1186 1187 1188 1189 1190 1190 1189 1191 1192 1193 1194 1194 1193 1195 1196 1197 1198 1198 1197 1199 1200 1201 1202 1201 1203 1202 1202 1203 1204 1205 1206 1207 1206 1208 1207 1209 1210 1211 1212 1213 1214 1215 1216 1217 1218 1219 1220 1221 1222 1223 1224 1225 1226 1227 1228 1229 1230 1231 1232 1233 1234 1235 1211 1236 1209 1237 1238 1239 1238 1240 1239 1241 1242 1243 1241 1243 1244 1245 1246 1247 1247 1246 1248 1249 1250 1251 1251 1250 1252 1253 1254 1255 1255 1254 1256 1257 1258 1259 1260 1261 1262 1262 1261 1263 1264 1265 1266 1267 1268 1269 1270 1271 1272 1273 1274 1275 1276 1277 1278 1279 1280 1281 1282 1283 1284 1285 1286 1287 1288 1289 1290 1291 1292 1293 1294 1295 1296 1297 1298 1299 1300 1301 1302 1303 1304 1305 1306 1307 1308 1309 1310 1311 1312 1313 1314 1315 1316 1317 1318 1319 1320 1321 1322 1323 1324 1325 1326 1327 1328 1329 1330 1331 1332 1333 1334 1335 1336 1337 1338 1339 1340 1341 1342 1343 1344 1345 1346 1347 1348 1349 1350 1351 1352 1353 1354 1355 1356 1357 1358 1359 1360 1361 1362 1363 1364 1365 1366 1367 1368 1369 1370 1371 1372 1373 1374 1375 1376 1377 1378 1379 1380 1381 1382 1383 1384 1385 1386 1387 1388 1389 1390 1391 1392 1393 1394 1395 1396 1397 1398 1399 1400 1401 1402 1403 1404 1405 1406 1407 1408 1409 1410 1411 1412 1413 1414 1415 1416 1417 1418 1419 1420 1421 1422 1423 1424 1425 1425 1424 1426 1427 1428 1429 1429 1428 1430 1431 1432 1433 1433 1432 1434 1435 1436 1437 1437 1436 1438 1439 1440 1441 1441 1440 1442 1443 1444 1445 1445 1444 1446 1447 1448 1449 1449 1448 1450 1451 1452 1453 1453 1452 1454 1455 1456 1457 1457 1456 1458 1459 1460 1461 1462 1463 1464 1465 1466 1467 1468 1469 1470 1471 1472 1473 1474 1475 1476 1477 1478 1479 1480 1481 1482 1483 1484 1485 1486 1487 1488 1487 1489 1488 1490 1491 1492 1491 1493 1492 1494 1495 1496 1497 1498 1499 1500 1501 1502 1503 1504 1505 1506 1507 1508 1509 1510 1511 1512 1513 1514 1515 1516 1517 1518 1519 1520 1521 1522 1523 1524 1525 1526 1527 1528 1529 1530 1531 1532 1533 1534 1535 1536 1537 1538 1539 1540 1541 1542 1543 1544 1545 1546 1547 1548 1549 1550 1551 1552 1553 1554 1555 1556 1557 1558 1559 1560 1561 1562 1563 1564 1565 1566 1567 1568 1569 1570 1571 1572 1573 1574 1575 1576 1577 1578 1579 1580 1581 1582 1583 1584 1585 1586 1587 1588 1589 1590 1591 1592 1593 1594 1595 1596 1597 1598 1599 1600 1601 1602 1603 1604 1605 1606 1607 1608 1609 1610 1611 1612 1613 1614 1615 1616 1617 1618 1619 1620 1621 1622 1623 1624 1625 1626 1627 1628 1628 1627 1629 1630 1631 1632 1632 1631 1633 1634 1635 1636 1636 1635 1637 1638 1639 1640 1640 1639 1641 1642 1643 1644 1644 1643 1645 1646 1647 1648 1648 1647 1649 1650 1651 1652 1652 1651 1653 1654 1655 1656 1656 1655 1657 1658 1659 1660 1661 1662 1663 1664 1665 1666 1667 1668 1669 1670 1671 1672 1673 1674 1675 1676 1677 1678 1679 1680 1681 1682 1683 1684 1685 1686 1687 1688 1689 1690 1691 1692 1693 1694 1695 1696 1697 1698 1699 1700 1701 1702 1701 1703 1702 1704 1705 1706 1704 1706 1699 1706 1707 1699 1699 1707 1697 1698 1708 1699 1708 1709 1699 1699 1709 1710 1703 1711 1702 1711 1712 1702 1702 1712 1713 1710 1714 1699 1714 1715 1699 1699 1715 1702 1715 1716 1702 1702 1716 1700 1717 1718 1719 1718 1702 1719 1719 1702 1720 1702 1713 1720 1721 1722 1723 1722 1724 1723 1725 1726 1727 1728 1729 1730 1731 1732 1733 1734 1735 1736 1737 1738 1739 1740 1741 1742 1743 1744 1745 1746 1747 1748 1749 1750 1751 1752 1753 1754 1755 1756 1757 1758 1759 1760 1761 1762 1763 1764 1765 1766 1767 1768 1769 1770 1771 1772 1773 1774 1775 1776 1777 1778 1779 1780 1781 1782 1783 1784 1782 1784 1785 1786 1787 1788 1788 1787 1789 1790 1791 1792 1792 1791 1793 1794 1795 1796 1796 1795 1797 1798 1799 1800 1801 1802 1803 1804 1805 1806 1807 1808 1809 1810 1811 1812 1813 1814 1815 1816 1817 1818 1819 1820 1821 1822 1823 1824 1825 1826 1827 1828 1829 1830 1831 1832 1833 1832 1834 1833 1835 1836 1837 1836 1838 1837 1839 1840 1841 1840 1842 1841 1843 1844 1845 1844 1846 1845 1847 1848 1849 1848 1850 1849 1851 1852 1853 1852 1854 1853 1855 1856 1857 1856 1858 1857 1859 1860 1861 1860 1862 1861 1863 1864 1865 1866 1867 1868 1866 1868 1869 1870 1871 1872 1872 1871 1873 1874 1875 1876 1876 1875 1877 1878 1879 1880 1880 1879 1881 1882 1883 1884 1885 1886 1887 1888 1889 1890 1891 1892 1893 1893 1892 1894 1895 1896 1897 1897 1896 1898 1899 1900 1901 1901 1900 1902 1882 1884 1903 1904 1905 1906 1906 1905 1907 1908 1909 1910 1910 1909 1911 1912 1913 1914 1914 1913 1915 1916 1917 1918 1919 1920 1921 1919 1921 1922 1923 1924 1925 1925 1924 1926 1927 1928 1929 1929 1928 1930 1931 1932 1933 1933 1932 1934 1935 1936 1937 1938 1939 1940 1941 1942 1943 1944 1945 1946 1946 1945 1947 1948 1949 1950 1950 1949 1951 1952 1953 1954 1954 1953 1955 1956 1957 1958 1959 1960 1961 1962 1963 1964 1964 1963 1965 1966 1967 1968 1968 1967 1969 1970 1971 1972 1972 1971 1973 1974 1975 1976 1975 1977 1976 1978 1979 1980 1979 1981 1980 1982 1983 1984 1983 1985 1984 1986 1987 1988 1987 1989 1988 1990 1991 1992 1991 1993 1992 1994 1995 1996 1995 1997 1996 1998 1999 2000 1999 2001 2000 2002 2003 2004 2003 2005 2004 2006 2007 2008 2007 2009 2008 2010 2011 2012 2013 2014 2015 2014 2016 2015 2017 2018 2019 2020 2021 2022 2023 2024 2025 2026 2027 2028 2029 2030 2031 2032 2033 2034 2035 2036 2037 2038 2039 2040 2041 2042 2043 2044 2045 2046 2047 2048 2049 2050 2051 2052 2053 2054 2055 2056 2057 2058 2059 2060 2061 2062 2063 2064 2065 2066 2067 2068 2069 2070 2071 2072 2073 2074 2075 2076 2077 2078 2079 2078 2080 2079 2081 2082 2083 2082 2084 2083 2085 2086 2087 2086 2088 2087 2089 2090 2091 2090 2092 2091 2093 2094 2095 2094 2096 2095 2097 2098 2099 2098 2100 2099 2101 2102 2103 2102 2104 2103 2105 2106 2107 2106 2108 2107 2109 2110 2111 2110 2112 2111 2113 2114 2115 2116 2117 2118 2119 2120 2121 2122 2123 2124 2125 2126 2127 2128 2129 2130 2131 2132 2133 2134 2135 2136 2137 2138 2139 2115 2140 2113 2141 2142 2143 2144 2145 2146 2147 2148 2149 2150 2151 2152 2152 2151 2153 2154 2155 2156 2156 2155 2157 2158 2159 2160 2160 2159 2161 2144 2146 2162 2163 2164 2165 2165 2164 2166 2167 2168 2169 2169 2168 2170 2147 2171 2148 2172 2173 2174 2175 2176 2177 2178 2179 2180 2181 2182 2183 2141 2143 2184 2185 2186 2187 2187 2186 2188 2189 2190 2191 2191 2190 2192 2193 2194 2195 2196 2197 2198 2199 2200 2201 2200 2202 2201 2203 2204 2205 2204 2206 2205 2207 2208 2209 2208 2210 2209 2211 2212 2213 2212 2214 2213 2215 2216 2217 2216 2218 2217 2219 2220 2221 2220 2222 2221 2223 2224 2225 2224 2226 2225 2227 2228 2229 2228 2230 2229 2231 2232 2233 2234 2235 2236 2237 2238 2239 2240 2241 2242 2243 2244 2245 2246 2247 2248 2249 2250 2251 2252 2253 2254 2255 2256 2257 2258 2259 2260 2261 2262 2263 2264 2265 2266 2265 2267 2266 2268 2269 2270 2269 2271 2270 2272 2273 2274 2273 2275 2274 2276 2277 2278 2277 2279 2278 2280 2281 2282 2281 2283 2282 2284 2285 2286 2285 2287 2286 2288 2289 2290 2289 2291 2290 2292 2293 2294 2293 2295 2294 2296 2297 2298 2297 2299 2298 2300 2301 2302 2301 2303 2302 2304 2305 2306 2305 2307 2306 2306 2307 2308 2304 2309 2310 2311 2305 2312 2305 2304 2312 2312 2304 2313 2304 2310 2313 2314 2315 2316 2315 2317 2316 2318 2319 2320 2319 2321 2320 2322 2323 2324 2323 2325 2324 2324 2325 2326 2325 2327 2326 2328 2329 2330 2329 2326 2330 2330 2326 2331 2326 2327 2331 2332 2333 2334 2335 2336 2337 2338 2339 2340 2341 2342 2343 2344 2345 2346 2347 2348 2349 2350 2351 2352 2353 2354 2355 2356 2357 2358 2359 2360 2361 2362 2363 2364 2365 2366 2367 2366 2368 2367 2369 2370 2371 2370 2372 2371 2373 2374 2375 2374 2376 2375 2377 2378 2379 2378 2380 2379 2381 2382 2383 2382 2384 2383 2385 2386 2387 2386 2388 2387 2389 2390 2391 2390 2392 2391 2393 2394 2395 2394 2396 2395 2397 2398 2399 2398 2400 2399 2401 2402 2403 2402 2404 2403 2405 2406 2407 2406 2408 2407 2409 2410 2411 2410 2412 2411 2413 2414 2415 2414 2416 2415 2417 2418 2419 2418 2420 2419 2421 2422 2423 2422 2424 2423 2425 2426 2427 2426 2428 2427 2429 2430 2431 2430 2432 2431 2433 2434 2435 2434 2436 2435 2437 2438 2439 2438 2440 2439 2441 2442 2443 2444 2445 2446 2447 2440 2448 2442 2449 2443 2449 2444 2443 2443 2444 2450 2444 2446 2450 2451 2452 2453 2452 2454 2453 2454 2455 2453 2455 2456 2453 2453 2456 2457 2451 2458 2452 2458 2438 2452 2452 2438 2443 2438 2437 2443 2443 2437 2441 2448 2459 2447 2459 2460 2447 2447 2460 2461 2461 2462 2447 2462 2463 2447 2447 2463 2464 2440 2447 2439 2447 2465 2439 2439 2465 2466 2467 2468 2469 2468 2470 2469 2466 2471 2439 2471 2470 2439 2439 2470 2472 2470 2468 2472 2473 2474 2475 2474 2476 2475 2477 2478 2479 2478 2480 2479 2481 2482 2483 2482 2484 2483 2485 2486 2487 2486 2488 2487 2489 2490 2491 2490 2492 2491 2493 2494 2495 2494 2496 2495 2497 2498 2499 2498 2500 2499 2501 2502 2503 2502 2504 2503 2505 2506 2507 2505 2507 2508 2509 2510 2511 2511 2510 2512 2513 2514 2515 2515 2514 2516 2517 2518 2519 2519 2518 2520 2521 2522 2523 2522 2524 2523 2525 2526 2527 2526 2528 2527 2529 2530 2531 2530 2532 2531 2533 2534 2535 2534 2536 2535 2537 2538 2539 2538 2540 2539 2541 2542 2543 2542 2544 2543 2545 2546 2547 2546 2548 2547 2549 2550 2551 2550 2552 2551 2553 2554 2555 2554 2556 2555 2557 2558 2559 2560 2561 2562 2563 2564 2565 2566 2567 2559 2562 2561 2568 2569 2570 2559 2570 2571 2559 2559 2571 2566 2571 2572 2566 2566 2572 2573 2573 2574 2566 2574 2563 2566 2566 2563 2575 2563 2565 2575 2576 2577 2578 2579 2570 2561 2570 2569 2561 2561 2569 2568 2567 2580 2559 2580 2581 2559 2559 2581 2582 2582 2583 2559 2583 2584 2559 2559 2584 2557 2560 2562 2578 2562 2585 2578 2578 2585 2576 2579 2586 2587 2587 2588 2579 2588 2589 2579 2579 2589 2590 2590 2591 2579 2591 2592 2579 2579 2592 2570 2593 2594 2595 2594 2596 2595 2597 2598 2599 2598 2600 2599 2600 2601 2599 2601 2602 2599 2599 2602 2603 2604 2605 2602 2605 2606 2602 2602 2606 2603 2607 2608 2609 2608 2610 2609 2611 2612 2613 2612 2614 2613 2615 2616 2617 2616 2618 2617 2619 2620 2621 2620 2622 2621 2623 2624 2625 2624 2626 2625 2627 2628 2629 2628 2630 2629 2631 2632 2633 2632 2634 2633 2635 2636 2637 2636 2638 2637 2639 2640 2641 2640 2642 2641 2643 2644 2645 2644 2646 2645 2645 2646 2647 2643 2648 2649 2650 2644 2651 2644 2643 2651 2651 2643 2652 2643 2649 2652 2653 2654 2655 2654 2656 2655 2657 2658 2659 2658 2660 2659 2661 2662 2663 2662 2664 2663 2665 2666 2667 2666 2668 2667 2669 2670 2671 2670 2672 2671 2673 2674 2675 2674 2676 2675 2677 2678 2679 2678 2680 2679 2681 2682 2683 2682 2684 2683 2685 2686 2687 2686 2688 2687 2687 2688 2689 2690 2691 2692 2691 2693 2692 2694 2695 2696 2694 2696 2697 2698 2699 2700 2700 2699 2701 2702 2703 2704 2704 2703 2705 2706 2707 2708 2708 2707 2709 2710 2711 2712 2711 2713 2712 2712 2713 2714 2715 2716 2717 2716 2718 2717 2717 2718 2719 2720 2721 2722 2721 2723 2722 2724 2725 2726 2725 2727 2726 2728 2729 2730 2729 2731 2730 2732 2733 2734 2733 2735 2734 2736 2737 2738 2737 2739 2738 2740 2741 2742 2741 2743 2742 2744 2745 2746 2745 2747 2746 2748 2749 2750 2749 2751 2750 2752 2753 2754 2752 2754 2755 2756 2757 2758 2758 2757 2759 2760 2761 2762 2762 2761 2763 2764 2765 2766 2766 2765 2767 2768 2769 2770 2769 2771 2770 2772 2773 2774 2773 2775 2774 2776 2777 2778 2777 2779 2778 2780 2781 2782 2781 2783 2782 2784 2785 2786 2785 2787 2786 2788 2789 2790 2789 2791 2790 2792 2793 2794 2793 2795 2794 2796 2797 2798 2797 2799 2798 2800 2801 2802 2801 2803 2802 2804 2805 2806 2805 2807 2806 2808 2809 2810 2811 2812 2813 2812 2814 2813 2815 2816 2817 2817 2816 2818 2819 2820 2821 2821 2820 2822 2823 2824 2825 2825 2824 2826 2827 2828 2829 2829 2828 2830 2831 2832 2833 2833 2832 2834 2835 2836 2837 2837 2836 2838 2839 2840 2841 2841 2840 2842 2843 2844 2845 2845 2844 2846 2847 2848 2849 2849 2848 2850 2851 2852 2853 2853 2852 2854 2855 2856 2857 2857 2856 2858 2859 2860 2861 2861 2860 2862 2863 2864 2865 2865 2864 2866 2867 2868 2869 2869 2868 2870 2871 2872 2873 2873 2872 2874 2875 2876 2877 2877 2876 2878 2879 2880 2881 2881 2880 2882 2883 2884 2885 2885 2884 2886 2887 2888 2889 2889 2888 2890 2891 2892 2893 2893 2892 2894 2895 2896 2897 2897 2896 2898 2899 2900 2901 2901 2900 2902 2903 2904 2905 2905 2904 2906 2907 2908 2909 2909 2908 2910 2911 2912 2913 2913 2912 2914 2915 2916 2917 2917 2916 2918 2919 2920 2921 2921 2920 2922 2923 2924 2925 2925 2924 2926 2808 2810 2927 2928 2929 2930 2931 2932 2933 2933 2934 2931 2934 2935 2931 2931 2935 2936 2929 2937 2930 2937 2938 2930 2930 2938 2932 2938 2939 2932 2932 2939 2933 2940 2941 2942 2943 2944 2945 2944 2946 2945 2945 2946 2947 2946 2948 2947 2947 2948 2949 2949 2950 2947 2950 2951 2947 2947 2951 2952 2936 2953 2931 2953 2954 2931 2931 2954 2945 2954 2955 2945 2945 2955 2943 2940 2942 2930 2942 2956 2930 2930 2956 2957 2947 2958 2940 2958 2959 2940 2940 2959 2941 2957 2960 2930 2960 2961 2930 2930 2961 2928 2952 2962 2947 2962 2963 2947 2947 2963 2958 2964 2965 2966 2965 2967 2966 2968 2969 2970 2969 2971 2970 2972 2973 2974 2973 2975 2974 2976 2977 2978 2977 2979 2978 2980 2981 2982 2981 2983 2982 2984 2985 2986 2985 2987 2986 2986 2987 2988 2987 2989 2988 2990 2991 2992 2991 2993 2992 2994 2995 2996 2995 2997 2996 2998 2999 3000 2999 3001 3000 3002 3003 3004 3003 3005 3004 3005 3006 3004 3004 3006 3007 3008 3009 3004 3009 3010 3004 3007 3011 3004 3011 3012 3004 3004 3012 3008 3013 3014 3015 3014 3016 3015 3015 3016 3017 3018 3019 3015 3010 3020 3004 3020 3021 3004 3004 3021 3022 3021 3023 3022 3002 3004 3024 3004 3017 3024 3024 3017 3025 3016 3026 3017 3026 3027 3017 3017 3027 3028 3023 3029 3022 3029 3030 3022 3022 3030 3015 3030 3031 3015 3015 3031 3018 3028 3032 3017 3032 3033 3017 3017 3033 3025 3019 3034 3015 3034 3035 3015 3015 3035 3013 </p>
        </polylist>
      </mesh>
    </geometry>
  </library_geometries>
  <library_controllers>
  </library_controllers>
  <library_visual_scenes>
    <visual_scene id="Scene" name="Scene">
      <node id="empty_2" name="empty_2" type="NODE">
        <matrix sid="matrix">1 0 0 0 0 1 0 0 0 0 1 0 0 0 0 1</matrix>
        <instance_geometry url="#meshesQ0S">
          <bind_material>
            <technique_common>
              <instance_material symbol="defaultMaterial" target="#material_0">
              </instance_material>
            </technique_common>
          </bind_material>
        </instance_geometry>
      </node>
    </visual_scene>
  </library_visual_scenes>
  <scene>
    <instance_visual_scene url="#Scene" />
  </scene>
</COLLADA>
